grid,probability
"(0, 0)",0.19
"(0, 1)",0.19
"(0, 2)",0.24
"(0, 3)",0.26
"(0, 4)",0.21
"(0, 5)",0.19
"(0, 6)",0.19
"(0, 7)",0.22
"(0, 8)",0.23
"(0, 9)",0.17
"(0, 10)",0.17
"(0, 11)",0.18
"(0, 12)",0.23
"(0, 13)",0.41
"(0, 14)",0.35
"(0, 15)",0.32
"(0, 16)",0.35
"(0, 17)",0.32
"(0, 18)",0.3
"(0, 19)",0.3
"(0, 20)",0.35
"(0, 21)",0.36
"(0, 22)",0.37
"(0, 23)",0.37
"(0, 24)",0.38
"(0, 25)",0.35
"(0, 26)",0.33
"(0, 27)",0.32
"(0, 28)",0.32
"(0, 29)",0.33
"(0, 30)",0.31
"(0, 31)",0.3
"(0, 32)",0.3
"(0, 33)",0.29
"(0, 34)",0.29
"(0, 35)",0.29
"(0, 36)",0.28
"(0, 37)",0.3
"(0, 38)",0.3
"(0, 39)",0.3
"(0, 40)",0.3
"(0, 41)",0.36
"(0, 42)",0.62
"(0, 43)",0.53
"(0, 44)",0.42
"(0, 45)",0.4
"(0, 46)",0.38
"(0, 47)",0.23
"(0, 48)",0.23
"(0, 49)",0.23
"(0, 50)",0.23
"(0, 51)",0.24
"(0, 52)",0.39
"(0, 53)",0.39
"(0, 54)",0.44
"(0, 55)",0.48
"(0, 56)",0.37
"(0, 57)",0.35
"(0, 58)",0.4
"(0, 59)",0.48
"(0, 60)",0.5
"(0, 61)",0.51
"(0, 62)",0.49
"(0, 63)",0.43
"(0, 64)",0.27
"(0, 65)",0.25
"(0, 66)",0.28
"(1, 0)",0.25
"(1, 1)",0.25
"(1, 2)",0.3
"(1, 3)",0.32
"(1, 4)",0.27
"(1, 5)",0.25
"(1, 6)",0.25
"(1, 7)",0.3
"(1, 8)",0.32
"(1, 9)",0.26
"(1, 10)",0.26
"(1, 11)",0.27
"(1, 12)",0.33
"(1, 13)",0.52
"(1, 14)",0.44
"(1, 15)",0.4
"(1, 16)",0.43
"(1, 17)",0.4
"(1, 18)",0.36
"(1, 19)",0.36
"(1, 20)",0.42
"(1, 21)",0.43
"(1, 22)",0.44
"(1, 23)",0.44
"(1, 24)",0.44
"(1, 25)",0.41
"(1, 26)",0.39
"(1, 27)",0.38
"(1, 28)",0.38
"(1, 29)",0.4
"(1, 30)",0.38
"(1, 31)",0.37
"(1, 32)",0.37
"(1, 33)",0.36
"(1, 34)",0.36
"(1, 35)",0.36
"(1, 36)",0.35
"(1, 37)",0.36
"(1, 38)",0.36
"(1, 39)",0.36
"(1, 40)",0.36
"(1, 41)",0.43
"(1, 42)",0.75
"(1, 43)",0.64
"(1, 44)",0.48
"(1, 45)",0.45
"(1, 46)",0.44
"(1, 47)",0.27
"(1, 48)",0.26
"(1, 49)",0.26
"(1, 50)",0.26
"(1, 51)",0.26
"(1, 52)",0.43
"(1, 53)",0.45
"(1, 54)",0.51
"(1, 55)",0.58
"(1, 56)",0.47
"(1, 57)",0.47
"(1, 58)",0.5
"(1, 59)",0.59
"(1, 60)",0.64
"(1, 61)",0.64
"(1, 62)",0.58
"(1, 63)",0.51
"(1, 64)",0.31
"(1, 65)",0.28
"(1, 66)",0.29
"(2, 0)",0.18
"(2, 1)",0.18
"(2, 2)",0.23
"(2, 3)",0.25
"(2, 4)",0.2
"(2, 5)",0.18
"(2, 6)",0.18
"(2, 7)",0.23
"(2, 8)",0.22
"(2, 9)",0.15
"(2, 10)",0.15
"(2, 11)",0.15
"(2, 12)",0.19
"(2, 13)",0.36
"(2, 14)",0.3
"(2, 15)",0.27
"(2, 16)",0.28
"(2, 17)",0.25
"(2, 18)",0.23
"(2, 19)",0.24
"(2, 20)",0.27
"(2, 21)",0.26
"(2, 22)",0.27
"(2, 23)",0.28
"(2, 24)",0.29
"(2, 25)",0.27
"(2, 26)",0.27
"(2, 27)",0.24
"(2, 28)",0.24
"(2, 29)",0.25
"(2, 30)",0.22
"(2, 31)",0.21
"(2, 32)",0.21
"(2, 33)",0.2
"(2, 34)",0.2
"(2, 35)",0.2
"(2, 36)",0.19
"(2, 37)",0.21
"(2, 38)",0.21
"(2, 39)",0.21
"(2, 40)",0.21
"(2, 41)",0.25
"(2, 42)",0.43
"(2, 43)",0.36
"(2, 44)",0.28
"(2, 45)",0.28
"(2, 46)",0.26
"(2, 47)",0.17
"(2, 48)",0.17
"(2, 49)",0.17
"(2, 50)",0.17
"(2, 51)",0.16
"(2, 52)",0.39
"(2, 53)",0.35
"(2, 54)",0.33
"(2, 55)",0.35
"(2, 56)",0.26
"(2, 57)",0.26
"(2, 58)",0.27
"(2, 59)",0.35
"(2, 60)",0.37
"(2, 61)",0.38
"(2, 62)",0.37
"(2, 63)",0.35
"(2, 64)",0.22
"(2, 65)",0.18
"(2, 66)",0.19
"(3, 0)",0.2
"(3, 1)",0.2
"(3, 2)",0.25
"(3, 3)",0.27
"(3, 4)",0.22
"(3, 5)",0.2
"(3, 6)",0.2
"(3, 7)",0.25
"(3, 8)",0.24
"(3, 9)",0.17
"(3, 10)",0.17
"(3, 11)",0.17
"(3, 12)",0.2
"(3, 13)",0.34
"(3, 14)",0.29
"(3, 15)",0.26
"(3, 16)",0.28
"(3, 17)",0.25
"(3, 18)",0.23
"(3, 19)",0.25
"(3, 20)",0.27
"(3, 21)",0.26
"(3, 22)",0.27
"(3, 23)",0.28
"(3, 24)",0.29
"(3, 25)",0.27
"(3, 26)",0.27
"(3, 27)",0.25
"(3, 28)",0.25
"(3, 29)",0.26
"(3, 30)",0.23
"(3, 31)",0.22
"(3, 32)",0.22
"(3, 33)",0.21
"(3, 34)",0.21
"(3, 35)",0.2
"(3, 36)",0.19
"(3, 37)",0.21
"(3, 38)",0.21
"(3, 39)",0.21
"(3, 40)",0.21
"(3, 41)",0.25
"(3, 42)",0.42
"(3, 43)",0.36
"(3, 44)",0.28
"(3, 45)",0.28
"(3, 46)",0.26
"(3, 47)",0.15
"(3, 48)",0.15
"(3, 49)",0.15
"(3, 50)",0.15
"(3, 51)",0.14
"(3, 52)",0.42
"(3, 53)",0.4
"(3, 54)",0.37
"(3, 55)",0.38
"(3, 56)",0.27
"(3, 57)",0.27
"(3, 58)",0.27
"(3, 59)",0.35
"(3, 60)",0.37
"(3, 61)",0.39
"(3, 62)",0.38
"(3, 63)",0.36
"(3, 64)",0.23
"(3, 65)",0.19
"(3, 66)",0.2
"(4, 0)",0.21
"(4, 1)",0.21
"(4, 2)",0.26
"(4, 3)",0.28
"(4, 4)",0.23
"(4, 5)",0.21
"(4, 6)",0.21
"(4, 7)",0.28
"(4, 8)",0.27
"(4, 9)",0.19
"(4, 10)",0.18
"(4, 11)",0.18
"(4, 12)",0.21
"(4, 13)",0.35
"(4, 14)",0.3
"(4, 15)",0.27
"(4, 16)",0.35
"(4, 17)",0.34
"(4, 18)",0.33
"(4, 19)",0.35
"(4, 20)",0.37
"(4, 21)",0.36
"(4, 22)",0.38
"(4, 23)",0.39
"(4, 24)",0.41
"(4, 25)",0.4
"(4, 26)",0.41
"(4, 27)",0.39
"(4, 28)",0.39
"(4, 29)",0.4
"(4, 30)",0.35
"(4, 31)",0.32
"(4, 32)",0.31
"(4, 33)",0.3
"(4, 34)",0.3
"(4, 35)",0.29
"(4, 36)",0.28
"(4, 37)",0.3
"(4, 38)",0.3
"(4, 39)",0.3
"(4, 40)",0.3
"(4, 41)",0.33
"(4, 42)",0.5
"(4, 43)",0.45
"(4, 44)",0.37
"(4, 45)",0.37
"(4, 46)",0.35
"(4, 47)",0.24
"(4, 48)",0.24
"(4, 49)",0.24
"(4, 50)",0.24
"(4, 51)",0.23
"(4, 52)",0.68
"(4, 53)",0.6
"(4, 54)",0.58
"(4, 55)",0.56
"(4, 56)",0.48
"(4, 57)",0.48
"(4, 58)",0.47
"(4, 59)",0.55
"(4, 60)",0.58
"(4, 61)",0.62
"(4, 62)",0.6
"(4, 63)",0.57
"(4, 64)",0.4
"(4, 65)",0.36
"(4, 66)",0.37
"(5, 0)",0.25
"(5, 1)",0.25
"(5, 2)",0.3
"(5, 3)",0.32
"(5, 4)",0.27
"(5, 5)",0.25
"(5, 6)",0.26
"(5, 7)",0.35
"(5, 8)",0.31
"(5, 9)",0.23
"(5, 10)",0.22
"(5, 11)",0.22
"(5, 12)",0.25
"(5, 13)",0.38
"(5, 14)",0.34
"(5, 15)",0.31
"(5, 16)",0.37
"(5, 17)",0.36
"(5, 18)",0.35
"(5, 19)",0.37
"(5, 20)",0.41
"(5, 21)",0.39
"(5, 22)",0.4
"(5, 23)",0.41
"(5, 24)",0.43
"(5, 25)",0.42
"(5, 26)",0.41
"(5, 27)",0.38
"(5, 28)",0.38
"(5, 29)",0.39
"(5, 30)",0.35
"(5, 31)",0.33
"(5, 32)",0.32
"(5, 33)",0.32
"(5, 34)",0.32
"(5, 35)",0.31
"(5, 36)",0.3
"(5, 37)",0.32
"(5, 38)",0.32
"(5, 39)",0.32
"(5, 40)",0.32
"(5, 41)",0.36
"(5, 42)",0.5
"(5, 43)",0.47
"(5, 44)",0.4
"(5, 45)",0.4
"(5, 46)",0.38
"(5, 47)",0.28
"(5, 48)",0.28
"(5, 49)",0.29
"(5, 50)",0.29
"(5, 51)",0.28
"(5, 52)",0.63
"(5, 53)",0.66
"(5, 54)",0.69
"(5, 55)",0.59
"(5, 56)",0.44
"(5, 57)",0.43
"(5, 58)",0.41
"(5, 59)",0.48
"(5, 60)",0.49
"(5, 61)",0.51
"(5, 62)",0.52
"(5, 63)",0.52
"(5, 64)",0.39
"(5, 65)",0.35
"(5, 66)",0.37
"(6, 0)",0.23
"(6, 1)",0.23
"(6, 2)",0.28
"(6, 3)",0.3
"(6, 4)",0.25
"(6, 5)",0.23
"(6, 6)",0.24
"(6, 7)",0.35
"(6, 8)",0.29
"(6, 9)",0.21
"(6, 10)",0.2
"(6, 11)",0.2
"(6, 12)",0.23
"(6, 13)",0.36
"(6, 14)",0.32
"(6, 15)",0.29
"(6, 16)",0.36
"(6, 17)",0.35
"(6, 18)",0.34
"(6, 19)",0.36
"(6, 20)",0.41
"(6, 21)",0.39
"(6, 22)",0.4
"(6, 23)",0.4
"(6, 24)",0.42
"(6, 25)",0.41
"(6, 26)",0.41
"(6, 27)",0.4
"(6, 28)",0.41
"(6, 29)",0.36
"(6, 30)",0.31
"(6, 31)",0.3
"(6, 32)",0.29
"(6, 33)",0.29
"(6, 34)",0.29
"(6, 35)",0.28
"(6, 36)",0.27
"(6, 37)",0.31
"(6, 38)",0.3
"(6, 39)",0.29
"(6, 40)",0.29
"(6, 41)",0.32
"(6, 42)",0.44
"(6, 43)",0.4
"(6, 44)",0.36
"(6, 45)",0.36
"(6, 46)",0.35
"(6, 47)",0.3
"(6, 48)",0.3
"(6, 49)",0.31
"(6, 50)",0.33
"(6, 51)",0.33
"(6, 52)",0.69
"(6, 53)",0.65
"(6, 54)",0.69
"(6, 55)",0.62
"(6, 56)",0.42
"(6, 57)",0.41
"(6, 58)",0.39
"(6, 59)",0.46
"(6, 60)",0.47
"(6, 61)",0.49
"(6, 62)",0.51
"(6, 63)",0.51
"(6, 64)",0.4
"(6, 65)",0.37
"(6, 66)",0.4
"(7, 0)",0.3
"(7, 1)",0.3
"(7, 2)",0.35
"(7, 3)",0.38
"(7, 4)",0.33
"(7, 5)",0.31
"(7, 6)",0.34
"(7, 7)",0.47
"(7, 8)",0.37
"(7, 9)",0.27
"(7, 10)",0.25
"(7, 11)",0.23
"(7, 12)",0.26
"(7, 13)",0.34
"(7, 14)",0.31
"(7, 15)",0.36
"(7, 16)",0.74
"(7, 17)",0.71
"(7, 18)",0.63
"(7, 19)",0.67
"(7, 20)",0.77
"(7, 21)",0.76
"(7, 22)",0.76
"(7, 23)",0.7
"(7, 24)",0.73
"(7, 25)",0.67
"(7, 26)",0.69
"(7, 27)",0.63
"(7, 28)",0.58
"(7, 29)",0.58
"(7, 30)",0.49
"(7, 31)",0.37
"(7, 32)",0.36
"(7, 33)",0.33
"(7, 34)",0.34
"(7, 35)",0.34
"(7, 36)",0.33
"(7, 37)",0.38
"(7, 38)",0.39
"(7, 39)",0.39
"(7, 40)",0.38
"(7, 41)",0.41
"(7, 42)",0.46
"(7, 43)",0.43
"(7, 44)",0.43
"(7, 45)",0.45
"(7, 46)",0.5
"(7, 47)",0.65
"(7, 48)",0.7
"(7, 49)",0.73
"(7, 50)",0.72
"(7, 51)",0.76
"(7, 52)",0.86
"(7, 53)",0.84
"(7, 54)",0.86
"(7, 55)",0.81
"(7, 56)",0.53
"(7, 57)",0.49
"(7, 58)",0.54
"(7, 59)",0.77
"(7, 60)",0.74
"(7, 61)",0.76
"(7, 62)",0.82
"(7, 63)",0.84
"(7, 64)",0.59
"(7, 65)",0.52
"(7, 66)",0.49
"(8, 0)",0.34
"(8, 1)",0.34
"(8, 2)",0.39
"(8, 3)",0.44
"(8, 4)",0.38
"(8, 5)",0.34
"(8, 6)",0.36
"(8, 7)",0.48
"(8, 8)",0.4
"(8, 9)",0.27
"(8, 10)",0.25
"(8, 11)",0.24
"(8, 12)",0.26
"(8, 13)",0.34
"(8, 14)",0.32
"(8, 15)",0.34
"(8, 16)",0.84
"(8, 17)",0.81
"(8, 18)",0.74
"(8, 19)",0.75
"(8, 20)",0.82
"(8, 21)",0.81
"(8, 22)",0.84
"(8, 23)",0.85
"(8, 24)",0.91
"(8, 25)",0.85
"(8, 26)",0.9
"(8, 27)",0.78
"(8, 28)",0.66
"(8, 29)",0.67
"(8, 30)",0.68
"(8, 31)",0.5
"(8, 32)",0.47
"(8, 33)",0.46
"(8, 34)",0.45
"(8, 35)",0.45
"(8, 36)",0.46
"(8, 37)",0.54
"(8, 38)",0.53
"(8, 39)",0.52
"(8, 40)",0.48
"(8, 41)",0.52
"(8, 42)",0.49
"(8, 43)",0.47
"(8, 44)",0.46
"(8, 45)",0.47
"(8, 46)",0.51
"(8, 47)",0.65
"(8, 48)",0.67
"(8, 49)",0.71
"(8, 50)",0.68
"(8, 51)",0.72
"(8, 52)",0.79
"(8, 53)",0.74
"(8, 54)",0.72
"(8, 55)",0.68
"(8, 56)",0.45
"(8, 57)",0.41
"(8, 58)",0.45
"(8, 59)",0.64
"(8, 60)",0.58
"(8, 61)",0.62
"(8, 62)",0.67
"(8, 63)",0.67
"(8, 64)",0.52
"(8, 65)",0.44
"(8, 66)",0.41
"(9, 0)",0.33
"(9, 1)",0.33
"(9, 2)",0.38
"(9, 3)",0.43
"(9, 4)",0.37
"(9, 5)",0.32
"(9, 6)",0.34
"(9, 7)",0.45
"(9, 8)",0.38
"(9, 9)",0.26
"(9, 10)",0.24
"(9, 11)",0.22
"(9, 12)",0.24
"(9, 13)",0.32
"(9, 14)",0.29
"(9, 15)",0.31
"(9, 16)",0.65
"(9, 17)",0.61
"(9, 18)",0.56
"(9, 19)",0.6
"(9, 20)",0.69
"(9, 21)",0.71
"(9, 22)",0.79
"(9, 23)",0.78
"(9, 24)",0.83
"(9, 25)",0.79
"(9, 26)",0.82
"(9, 27)",0.69
"(9, 28)",0.6
"(9, 29)",0.6
"(9, 30)",0.61
"(9, 31)",0.42
"(9, 32)",0.4
"(9, 33)",0.39
"(9, 34)",0.38
"(9, 35)",0.38
"(9, 36)",0.39
"(9, 37)",0.45
"(9, 38)",0.46
"(9, 39)",0.46
"(9, 40)",0.44
"(9, 41)",0.47
"(9, 42)",0.42
"(9, 43)",0.41
"(9, 44)",0.4
"(9, 45)",0.41
"(9, 46)",0.44
"(9, 47)",0.67
"(9, 48)",0.67
"(9, 49)",0.66
"(9, 50)",0.61
"(9, 51)",0.64
"(9, 52)",0.71
"(9, 53)",0.65
"(9, 54)",0.67
"(9, 55)",0.63
"(9, 56)",0.42
"(9, 57)",0.37
"(9, 58)",0.41
"(9, 59)",0.56
"(9, 60)",0.51
"(9, 61)",0.55
"(9, 62)",0.6
"(9, 63)",0.59
"(9, 64)",0.46
"(9, 65)",0.37
"(9, 66)",0.35
"(10, 0)",0.42
"(10, 1)",0.42
"(10, 2)",0.49
"(10, 3)",0.57
"(10, 4)",0.52
"(10, 5)",0.45
"(10, 6)",0.46
"(10, 7)",0.57
"(10, 8)",0.48
"(10, 9)",0.34
"(10, 10)",0.31
"(10, 11)",0.27
"(10, 12)",0.29
"(10, 13)",0.37
"(10, 14)",0.33
"(10, 15)",0.33
"(10, 16)",0.64
"(10, 17)",0.6
"(10, 18)",0.55
"(10, 19)",0.63
"(10, 20)",0.71
"(10, 21)",0.79
"(10, 22)",0.91
"(10, 23)",0.84
"(10, 24)",0.86
"(10, 25)",0.79
"(10, 26)",0.78
"(10, 27)",0.69
"(10, 28)",0.57
"(10, 29)",0.57
"(10, 30)",0.55
"(10, 31)",0.38
"(10, 32)",0.36
"(10, 33)",0.35
"(10, 34)",0.34
"(10, 35)",0.32
"(10, 36)",0.33
"(10, 37)",0.4
"(10, 38)",0.41
"(10, 39)",0.42
"(10, 40)",0.42
"(10, 41)",0.45
"(10, 42)",0.43
"(10, 43)",0.41
"(10, 44)",0.39
"(10, 45)",0.41
"(10, 46)",0.44
"(10, 47)",0.84
"(10, 48)",0.83
"(10, 49)",0.83
"(10, 50)",0.82
"(10, 51)",0.78
"(10, 52)",0.77
"(10, 53)",0.71
"(10, 54)",0.71
"(10, 55)",0.71
"(10, 56)",0.49
"(10, 57)",0.45
"(10, 58)",0.48
"(10, 59)",0.64
"(10, 60)",0.57
"(10, 61)",0.6
"(10, 62)",0.66
"(10, 63)",0.65
"(10, 64)",0.53
"(10, 65)",0.48
"(10, 66)",0.46
"(11, 0)",0.42
"(11, 1)",0.42
"(11, 2)",0.49
"(11, 3)",0.58
"(11, 4)",0.52
"(11, 5)",0.45
"(11, 6)",0.45
"(11, 7)",0.56
"(11, 8)",0.46
"(11, 9)",0.33
"(11, 10)",0.3
"(11, 11)",0.27
"(11, 12)",0.29
"(11, 13)",0.37
"(11, 14)",0.34
"(11, 15)",0.34
"(11, 16)",0.67
"(11, 17)",0.64
"(11, 18)",0.59
"(11, 19)",0.68
"(11, 20)",0.73
"(11, 21)",0.78
"(11, 22)",0.83
"(11, 23)",0.75
"(11, 24)",0.76
"(11, 25)",0.73
"(11, 26)",0.71
"(11, 27)",0.69
"(11, 28)",0.58
"(11, 29)",0.56
"(11, 30)",0.52
"(11, 31)",0.36
"(11, 32)",0.34
"(11, 33)",0.34
"(11, 34)",0.32
"(11, 35)",0.28
"(11, 36)",0.28
"(11, 37)",0.33
"(11, 38)",0.34
"(11, 39)",0.35
"(11, 40)",0.34
"(11, 41)",0.36
"(11, 42)",0.35
"(11, 43)",0.34
"(11, 44)",0.31
"(11, 45)",0.35
"(11, 46)",0.38
"(11, 47)",0.8
"(11, 48)",0.78
"(11, 49)",0.78
"(11, 50)",0.76
"(11, 51)",0.71
"(11, 52)",0.7
"(11, 53)",0.65
"(11, 54)",0.67
"(11, 55)",0.7
"(11, 56)",0.54
"(11, 57)",0.47
"(11, 58)",0.5
"(11, 59)",0.66
"(11, 60)",0.67
"(11, 61)",0.66
"(11, 62)",0.72
"(11, 63)",0.82
"(11, 64)",0.6
"(11, 65)",0.6
"(11, 66)",0.68
"(12, 0)",0.44
"(12, 1)",0.45
"(12, 2)",0.53
"(12, 3)",0.67
"(12, 4)",0.57
"(12, 5)",0.49
"(12, 6)",0.48
"(12, 7)",0.58
"(12, 8)",0.49
"(12, 9)",0.33
"(12, 10)",0.3
"(12, 11)",0.26
"(12, 12)",0.28
"(12, 13)",0.36
"(12, 14)",0.34
"(12, 15)",0.34
"(12, 16)",0.62
"(12, 17)",0.59
"(12, 18)",0.56
"(12, 19)",0.62
"(12, 20)",0.65
"(12, 21)",0.67
"(12, 22)",0.69
"(12, 23)",0.62
"(12, 24)",0.65
"(12, 25)",0.65
"(12, 26)",0.65
"(12, 27)",0.65
"(12, 28)",0.54
"(12, 29)",0.54
"(12, 30)",0.51
"(12, 31)",0.36
"(12, 32)",0.34
"(12, 33)",0.34
"(12, 34)",0.33
"(12, 35)",0.3
"(12, 36)",0.3
"(12, 37)",0.35
"(12, 38)",0.36
"(12, 39)",0.38
"(12, 40)",0.36
"(12, 41)",0.39
"(12, 42)",0.4
"(12, 43)",0.38
"(12, 44)",0.35
"(12, 45)",0.39
"(12, 46)",0.4
"(12, 47)",0.7
"(12, 48)",0.71
"(12, 49)",0.73
"(12, 50)",0.69
"(12, 51)",0.64
"(12, 52)",0.66
"(12, 53)",0.64
"(12, 54)",0.65
"(12, 55)",0.71
"(12, 56)",0.53
"(12, 57)",0.47
"(12, 58)",0.49
"(12, 59)",0.59
"(12, 60)",0.6
"(12, 61)",0.66
"(12, 62)",0.74
"(12, 63)",0.78
"(12, 64)",0.53
"(12, 65)",0.58
"(12, 66)",0.65
"(13, 0)",0.32
"(13, 1)",0.32
"(13, 2)",0.38
"(13, 3)",0.51
"(13, 4)",0.44
"(13, 5)",0.37
"(13, 6)",0.42
"(13, 7)",0.51
"(13, 8)",0.43
"(13, 9)",0.29
"(13, 10)",0.25
"(13, 11)",0.21
"(13, 12)",0.23
"(13, 13)",0.3
"(13, 14)",0.28
"(13, 15)",0.28
"(13, 16)",0.53
"(13, 17)",0.49
"(13, 18)",0.45
"(13, 19)",0.53
"(13, 20)",0.57
"(13, 21)",0.59
"(13, 22)",0.6
"(13, 23)",0.56
"(13, 24)",0.61
"(13, 25)",0.6
"(13, 26)",0.61
"(13, 27)",0.57
"(13, 28)",0.45
"(13, 29)",0.45
"(13, 30)",0.43
"(13, 31)",0.31
"(13, 32)",0.29
"(13, 33)",0.28
"(13, 34)",0.27
"(13, 35)",0.25
"(13, 36)",0.25
"(13, 37)",0.29
"(13, 38)",0.29
"(13, 39)",0.31
"(13, 40)",0.29
"(13, 41)",0.31
"(13, 42)",0.35
"(13, 43)",0.31
"(13, 44)",0.29
"(13, 45)",0.36
"(13, 46)",0.38
"(13, 47)",0.69
"(13, 48)",0.69
"(13, 49)",0.72
"(13, 50)",0.7
"(13, 51)",0.63
"(13, 52)",0.63
"(13, 53)",0.62
"(13, 54)",0.62
"(13, 55)",0.66
"(13, 56)",0.55
"(13, 57)",0.53
"(13, 58)",0.52
"(13, 59)",0.64
"(13, 60)",0.65
"(13, 61)",0.77
"(13, 62)",0.81
"(13, 63)",0.73
"(13, 64)",0.4
"(13, 65)",0.48
"(13, 66)",0.51
"(14, 0)",0.47
"(14, 1)",0.47
"(14, 2)",0.62
"(14, 3)",0.64
"(14, 4)",0.49
"(14, 5)",0.43
"(14, 6)",0.42
"(14, 7)",0.63
"(14, 8)",0.75
"(14, 9)",0.6
"(14, 10)",0.6
"(14, 11)",0.62
"(14, 12)",0.59
"(14, 13)",0.64
"(14, 14)",0.58
"(14, 15)",0.53
"(14, 16)",0.74
"(14, 17)",0.77
"(14, 18)",0.75
"(14, 19)",0.71
"(14, 20)",0.73
"(14, 21)",0.74
"(14, 22)",0.73
"(14, 23)",0.74
"(14, 24)",0.72
"(14, 25)",0.7
"(14, 26)",0.72
"(14, 27)",0.74
"(14, 28)",0.73
"(14, 29)",0.68
"(14, 30)",0.66
"(14, 31)",0.6
"(14, 32)",0.57
"(14, 33)",0.56
"(14, 34)",0.55
"(14, 35)",0.55
"(14, 36)",0.56
"(14, 37)",0.6
"(14, 38)",0.6
"(14, 39)",0.6
"(14, 40)",0.59
"(14, 41)",0.67
"(14, 42)",0.85
"(14, 43)",0.87
"(14, 44)",0.89
"(14, 45)",0.96
"(14, 46)",0.94
"(14, 47)",0.94
"(14, 48)",0.92
"(14, 49)",0.91
"(14, 50)",0.93
"(14, 51)",0.88
"(14, 52)",0.85
"(14, 53)",0.83
"(14, 54)",0.86
"(14, 55)",0.79
"(14, 56)",0.77
"(14, 57)",0.79
"(14, 58)",0.78
"(14, 59)",0.77
"(14, 60)",0.79
"(14, 61)",0.79
"(14, 62)",0.79
"(14, 63)",0.7
"(14, 64)",0.49
"(14, 65)",0.6
"(14, 66)",0.63
"(15, 0)",0.47
"(15, 1)",0.47
"(15, 2)",0.62
"(15, 3)",0.64
"(15, 4)",0.48
"(15, 5)",0.44
"(15, 6)",0.41
"(15, 7)",0.58
"(15, 8)",0.68
"(15, 9)",0.58
"(15, 10)",0.6
"(15, 11)",0.64
"(15, 12)",0.6
"(15, 13)",0.67
"(15, 14)",0.62
"(15, 15)",0.55
"(15, 16)",0.76
"(15, 17)",0.88
"(15, 18)",0.91
"(15, 19)",0.89
"(15, 20)",0.89
"(15, 21)",0.9
"(15, 22)",0.89
"(15, 23)",0.89
"(15, 24)",0.85
"(15, 25)",0.85
"(15, 26)",0.88
"(15, 27)",0.89
"(15, 28)",0.88
"(15, 29)",0.85
"(15, 30)",0.84
"(15, 31)",0.8
"(15, 32)",0.76
"(15, 33)",0.75
"(15, 34)",0.75
"(15, 35)",0.77
"(15, 36)",0.77
"(15, 37)",0.84
"(15, 38)",0.86
"(15, 39)",0.9
"(15, 40)",0.87
"(15, 41)",0.93
"(15, 42)",0.98
"(15, 43)",0.96
"(15, 44)",0.96
"(15, 45)",0.96
"(15, 46)",0.95
"(15, 47)",0.94
"(15, 48)",0.95
"(15, 49)",0.93
"(15, 50)",0.97
"(15, 51)",0.96
"(15, 52)",0.95
"(15, 53)",0.94
"(15, 54)",0.92
"(15, 55)",0.83
"(15, 56)",0.86
"(15, 57)",0.86
"(15, 58)",0.85
"(15, 59)",0.86
"(15, 60)",0.83
"(15, 61)",0.8
"(15, 62)",0.81
"(15, 63)",0.71
"(15, 64)",0.52
"(15, 65)",0.63
"(15, 66)",0.64
"(16, 0)",0.45
"(16, 1)",0.46
"(16, 2)",0.63
"(16, 3)",0.62
"(16, 4)",0.46
"(16, 5)",0.4
"(16, 6)",0.35
"(16, 7)",0.56
"(16, 8)",0.65
"(16, 9)",0.56
"(16, 10)",0.59
"(16, 11)",0.62
"(16, 12)",0.6
"(16, 13)",0.68
"(16, 14)",0.61
"(16, 15)",0.53
"(16, 16)",0.61
"(16, 17)",0.76
"(16, 18)",0.8
"(16, 19)",0.79
"(16, 20)",0.81
"(16, 21)",0.8
"(16, 22)",0.81
"(16, 23)",0.81
"(16, 24)",0.77
"(16, 25)",0.78
"(16, 26)",0.84
"(16, 27)",0.9
"(16, 28)",0.88
"(16, 29)",0.82
"(16, 30)",0.8
"(16, 31)",0.77
"(16, 32)",0.71
"(16, 33)",0.68
"(16, 34)",0.69
"(16, 35)",0.68
"(16, 36)",0.67
"(16, 37)",0.73
"(16, 38)",0.78
"(16, 39)",0.87
"(16, 40)",0.83
"(16, 41)",0.87
"(16, 42)",0.85
"(16, 43)",0.82
"(16, 44)",0.84
"(16, 45)",0.9
"(16, 46)",0.9
"(16, 47)",0.89
"(16, 48)",0.91
"(16, 49)",0.9
"(16, 50)",0.93
"(16, 51)",0.93
"(16, 52)",0.93
"(16, 53)",0.92
"(16, 54)",0.92
"(16, 55)",0.82
"(16, 56)",0.85
"(16, 57)",0.81
"(16, 58)",0.78
"(16, 59)",0.79
"(16, 60)",0.8
"(16, 61)",0.79
"(16, 62)",0.8
"(16, 63)",0.79
"(16, 64)",0.62
"(16, 65)",0.71
"(16, 66)",0.72
"(17, 0)",0.49
"(17, 1)",0.5
"(17, 2)",0.69
"(17, 3)",0.64
"(17, 4)",0.45
"(17, 5)",0.37
"(17, 6)",0.33
"(17, 7)",0.53
"(17, 8)",0.63
"(17, 9)",0.54
"(17, 10)",0.57
"(17, 11)",0.61
"(17, 12)",0.6
"(17, 13)",0.71
"(17, 14)",0.64
"(17, 15)",0.58
"(17, 16)",0.53
"(17, 17)",0.61
"(17, 18)",0.62
"(17, 19)",0.64
"(17, 20)",0.69
"(17, 21)",0.72
"(17, 22)",0.73
"(17, 23)",0.74
"(17, 24)",0.72
"(17, 25)",0.75
"(17, 26)",0.81
"(17, 27)",0.87
"(17, 28)",0.85
"(17, 29)",0.8
"(17, 30)",0.78
"(17, 31)",0.74
"(17, 32)",0.67
"(17, 33)",0.64
"(17, 34)",0.63
"(17, 35)",0.65
"(17, 36)",0.65
"(17, 37)",0.7
"(17, 38)",0.75
"(17, 39)",0.81
"(17, 40)",0.81
"(17, 41)",0.9
"(17, 42)",0.89
"(17, 43)",0.86
"(17, 44)",0.88
"(17, 45)",0.91
"(17, 46)",0.89
"(17, 47)",0.86
"(17, 48)",0.89
"(17, 49)",0.88
"(17, 50)",0.91
"(17, 51)",0.9
"(17, 52)",0.9
"(17, 53)",0.89
"(17, 54)",0.89
"(17, 55)",0.77
"(17, 56)",0.81
"(17, 57)",0.79
"(17, 58)",0.77
"(17, 59)",0.79
"(17, 60)",0.77
"(17, 61)",0.77
"(17, 62)",0.79
"(17, 63)",0.75
"(17, 64)",0.62
"(17, 65)",0.71
"(17, 66)",0.76
"(18, 0)",0.38
"(18, 1)",0.38
"(18, 2)",0.54
"(18, 3)",0.51
"(18, 4)",0.38
"(18, 5)",0.31
"(18, 6)",0.27
"(18, 7)",0.52
"(18, 8)",0.62
"(18, 9)",0.54
"(18, 10)",0.56
"(18, 11)",0.61
"(18, 12)",0.59
"(18, 13)",0.66
"(18, 14)",0.58
"(18, 15)",0.55
"(18, 16)",0.46
"(18, 17)",0.6
"(18, 18)",0.62
"(18, 19)",0.63
"(18, 20)",0.68
"(18, 21)",0.71
"(18, 22)",0.71
"(18, 23)",0.72
"(18, 24)",0.73
"(18, 25)",0.74
"(18, 26)",0.76
"(18, 27)",0.81
"(18, 28)",0.8
"(18, 29)",0.78
"(18, 30)",0.75
"(18, 31)",0.71
"(18, 32)",0.66
"(18, 33)",0.63
"(18, 34)",0.63
"(18, 35)",0.68
"(18, 36)",0.67
"(18, 37)",0.72
"(18, 38)",0.76
"(18, 39)",0.79
"(18, 40)",0.79
"(18, 41)",0.89
"(18, 42)",0.87
"(18, 43)",0.81
"(18, 44)",0.85
"(18, 45)",0.89
"(18, 46)",0.88
"(18, 47)",0.84
"(18, 48)",0.84
"(18, 49)",0.84
"(18, 50)",0.87
"(18, 51)",0.86
"(18, 52)",0.85
"(18, 53)",0.85
"(18, 54)",0.84
"(18, 55)",0.68
"(18, 56)",0.74
"(18, 57)",0.76
"(18, 58)",0.74
"(18, 59)",0.77
"(18, 60)",0.73
"(18, 61)",0.73
"(18, 62)",0.76
"(18, 63)",0.72
"(18, 64)",0.6
"(18, 65)",0.68
"(18, 66)",0.72
"(19, 0)",0.38
"(19, 1)",0.38
"(19, 2)",0.55
"(19, 3)",0.52
"(19, 4)",0.39
"(19, 5)",0.32
"(19, 6)",0.3
"(19, 7)",0.55
"(19, 8)",0.65
"(19, 9)",0.57
"(19, 10)",0.57
"(19, 11)",0.61
"(19, 12)",0.58
"(19, 13)",0.62
"(19, 14)",0.55
"(19, 15)",0.54
"(19, 16)",0.44
"(19, 17)",0.6
"(19, 18)",0.61
"(19, 19)",0.64
"(19, 20)",0.67
"(19, 21)",0.73
"(19, 22)",0.74
"(19, 23)",0.74
"(19, 24)",0.75
"(19, 25)",0.76
"(19, 26)",0.78
"(19, 27)",0.83
"(19, 28)",0.83
"(19, 29)",0.81
"(19, 30)",0.78
"(19, 31)",0.74
"(19, 32)",0.69
"(19, 33)",0.64
"(19, 34)",0.65
"(19, 35)",0.69
"(19, 36)",0.68
"(19, 37)",0.73
"(19, 38)",0.78
"(19, 39)",0.8
"(19, 40)",0.77
"(19, 41)",0.88
"(19, 42)",0.86
"(19, 43)",0.8
"(19, 44)",0.84
"(19, 45)",0.87
"(19, 46)",0.86
"(19, 47)",0.87
"(19, 48)",0.87
"(19, 49)",0.84
"(19, 50)",0.88
"(19, 51)",0.87
"(19, 52)",0.83
"(19, 53)",0.83
"(19, 54)",0.79
"(19, 55)",0.61
"(19, 56)",0.69
"(19, 57)",0.72
"(19, 58)",0.71
"(19, 59)",0.73
"(19, 60)",0.7
"(19, 61)",0.69375
"(19, 62)",0.71875
"(19, 63)",0.63475
"(19, 64)",0.51975
"(19, 65)",0.59375
"(19, 66)",0.64375
"(20, 0)",0.38
"(20, 1)",0.38
"(20, 2)",0.55
"(20, 3)",0.52
"(20, 4)",0.41
"(20, 5)",0.35
"(20, 6)",0.33
"(20, 7)",0.55
"(20, 8)",0.69
"(20, 9)",0.59
"(20, 10)",0.6
"(20, 11)",0.65
"(20, 12)",0.62
"(20, 13)",0.66
"(20, 14)",0.58
"(20, 15)",0.59
"(20, 16)",0.63
"(20, 17)",0.78
"(20, 18)",0.76
"(20, 19)",0.77
"(20, 20)",0.75
"(20, 21)",0.79
"(20, 22)",0.79
"(20, 23)",0.82
"(20, 24)",0.86
"(20, 25)",0.87
"(20, 26)",0.89
"(20, 27)",0.9
"(20, 28)",0.9
"(20, 29)",0.91
"(20, 30)",0.9
"(20, 31)",0.81
"(20, 32)",0.7
"(20, 33)",0.59
"(20, 34)",0.59
"(20, 35)",0.62
"(20, 36)",0.66
"(20, 37)",0.71
"(20, 38)",0.75
"(20, 39)",0.8
"(20, 40)",0.88
"(20, 41)",0.95
"(20, 42)",0.94
"(20, 43)",0.93
"(20, 44)",0.93
"(20, 45)",0.92
"(20, 46)",0.92
"(20, 47)",0.92
"(20, 48)",0.93
"(20, 49)",0.9
"(20, 50)",0.92
"(20, 51)",0.94
"(20, 52)",0.94
"(20, 53)",0.91
"(20, 54)",0.83
"(20, 55)",0.71
"(20, 56)",0.8
"(20, 57)",0.84
"(20, 58)",0.81
"(20, 59)",0.81
"(20, 60)",0.81
"(20, 61)",0.82
"(20, 62)",0.85
"(20, 63)",0.8059999999999999
"(20, 64)",0.636
"(20, 65)",0.73
"(20, 66)",0.76
"(21, 0)",0.36
"(21, 1)",0.36
"(21, 2)",0.52
"(21, 3)",0.49
"(21, 4)",0.38
"(21, 5)",0.32
"(21, 6)",0.3
"(21, 7)",0.49
"(21, 8)",0.62
"(21, 9)",0.51
"(21, 10)",0.51
"(21, 11)",0.54
"(21, 12)",0.55
"(21, 13)",0.61
"(21, 14)",0.55
"(21, 15)",0.58
"(21, 16)",0.69
"(21, 17)",0.82
"(21, 18)",0.81
"(21, 19)",0.83
"(21, 20)",0.83
"(21, 21)",0.84
"(21, 22)",0.82
"(21, 23)",0.88
"(21, 24)",0.89
"(21, 25)",0.9
"(21, 26)",0.88
"(21, 27)",0.87
"(21, 28)",0.88
"(21, 29)",0.88
"(21, 30)",0.87
"(21, 31)",0.8
"(21, 32)",0.74
"(21, 33)",0.67
"(21, 34)",0.67
"(21, 35)",0.66
"(21, 36)",0.68
"(21, 37)",0.72
"(21, 38)",0.76
"(21, 39)",0.82
"(21, 40)",0.91
"(21, 41)",0.97
"(21, 42)",0.94
"(21, 43)",0.94
"(21, 44)",0.94
"(21, 45)",0.95
"(21, 46)",0.94
"(21, 47)",0.95
"(21, 48)",0.94
"(21, 49)",0.91
"(21, 50)",0.91
"(21, 51)",0.94
"(21, 52)",0.94
"(21, 53)",0.93
"(21, 54)",0.84
"(21, 55)",0.73
"(21, 56)",0.81
"(21, 57)",0.83
"(21, 58)",0.82
"(21, 59)",0.83
"(21, 60)",0.83
"(21, 61)",0.84
"(21, 62)",0.87
"(21, 63)",0.856
"(21, 64)",0.6559999999999999
"(21, 65)",0.72
"(21, 66)",0.75
"(22, 0)",0.37
"(22, 1)",0.38
"(22, 2)",0.55
"(22, 3)",0.52
"(22, 4)",0.41
"(22, 5)",0.34
"(22, 6)",0.33
"(22, 7)",0.51
"(22, 8)",0.67
"(22, 9)",0.57
"(22, 10)",0.58
"(22, 11)",0.6
"(22, 12)",0.61
"(22, 13)",0.69
"(22, 14)",0.66
"(22, 15)",0.68
"(22, 16)",0.93
"(22, 17)",0.96
"(22, 18)",0.94
"(22, 19)",0.95
"(22, 20)",0.94
"(22, 21)",0.93
"(22, 22)",0.84
"(22, 23)",0.93
"(22, 24)",0.91
"(22, 25)",0.92
"(22, 26)",0.91
"(22, 27)",0.94
"(22, 28)",0.96
"(22, 29)",0.95
"(22, 30)",0.94
"(22, 31)",0.9
"(22, 32)",0.89
"(22, 33)",0.85
"(22, 34)",0.85
"(22, 35)",0.84
"(22, 36)",0.85
"(22, 37)",0.9
"(22, 38)",0.92
"(22, 39)",0.93
"(22, 40)",0.95
"(22, 41)",0.98
"(22, 42)",0.97
"(22, 43)",0.93
"(22, 44)",0.91
"(22, 45)",0.93
"(22, 46)",0.93
"(22, 47)",0.93
"(22, 48)",0.92
"(22, 49)",0.85
"(22, 50)",0.86
"(22, 51)",0.94
"(22, 52)",0.96
"(22, 53)",0.95
"(22, 54)",0.88
"(22, 55)",0.77
"(22, 56)",0.84
"(22, 57)",0.83
"(22, 58)",0.83
"(22, 59)",0.85
"(22, 60)",0.83
"(22, 61)",0.83
"(22, 62)",0.86
"(22, 63)",0.856
"(22, 64)",0.706
"(22, 65)",0.71
"(22, 66)",0.74
"(23, 0)",0.37
"(23, 1)",0.4
"(23, 2)",0.62
"(23, 3)",0.56
"(23, 4)",0.47
"(23, 5)",0.4
"(23, 6)",0.4
"(23, 7)",0.5
"(23, 8)",0.7
"(23, 9)",0.6
"(23, 10)",0.62
"(23, 11)",0.64
"(23, 12)",0.64
"(23, 13)",0.73
"(23, 14)",0.7
"(23, 15)",0.7
"(23, 16)",0.96
"(23, 17)",0.99
"(23, 18)",0.99
"(23, 19)",0.99
"(23, 20)",0.97
"(23, 21)",0.96
"(23, 22)",0.89
"(23, 23)",0.96
"(23, 24)",0.94
"(23, 25)",0.94
"(23, 26)",0.94
"(23, 27)",0.96
"(23, 28)",0.97
"(23, 29)",0.97
"(23, 30)",0.96
"(23, 31)",0.94
"(23, 32)",0.91
"(23, 33)",0.87
"(23, 34)",0.87
"(23, 35)",0.88
"(23, 36)",0.88
"(23, 37)",0.95
"(23, 38)",0.96
"(23, 39)",0.96
"(23, 40)",0.98
"(23, 41)",1.0
"(23, 42)",0.99
"(23, 43)",0.96
"(23, 44)",0.97
"(23, 45)",0.96
"(23, 46)",0.95
"(23, 47)",0.96
"(23, 48)",0.94
"(23, 49)",0.86
"(23, 50)",0.87
"(23, 51)",0.97
"(23, 52)",0.99
"(23, 53)",0.99
"(23, 54)",0.93
"(23, 55)",0.83
"(23, 56)",0.89
"(23, 57)",0.9
"(23, 58)",0.87
"(23, 59)",0.85
"(23, 60)",0.83
"(23, 61)",0.8
"(23, 62)",0.86
"(23, 63)",0.92
"(23, 64)",0.76
"(23, 65)",0.73
"(23, 66)",0.77
"(24, 0)",0.35
"(24, 1)",0.37
"(24, 2)",0.63
"(24, 3)",0.61
"(24, 4)",0.54
"(24, 5)",0.43
"(24, 6)",0.36
"(24, 7)",0.51
"(24, 8)",0.8
"(24, 9)",0.69
"(24, 10)",0.69
"(24, 11)",0.71
"(24, 12)",0.72
"(24, 13)",0.82
"(24, 14)",0.79
"(24, 15)",0.73
"(24, 16)",0.96
"(24, 17)",1.0
"(24, 18)",1.0
"(24, 19)",1.0
"(24, 20)",0.96
"(24, 21)",0.95
"(24, 22)",0.89
"(24, 23)",0.97
"(24, 24)",0.95
"(24, 25)",0.95
"(24, 26)",0.95
"(24, 27)",0.97
"(24, 28)",0.98
"(24, 29)",0.98
"(24, 30)",0.96
"(24, 31)",0.93
"(24, 32)",0.91
"(24, 33)",0.87
"(24, 34)",0.87
"(24, 35)",0.88
"(24, 36)",0.89
"(24, 37)",0.96
"(24, 38)",0.96
"(24, 39)",0.96
"(24, 40)",0.99
"(24, 41)",0.99
"(24, 42)",0.99
"(24, 43)",0.96
"(24, 44)",0.98
"(24, 45)",0.97
"(24, 46)",0.95
"(24, 47)",0.97
"(24, 48)",0.95
"(24, 49)",0.88
"(24, 50)",0.94
"(24, 51)",1.0
"(24, 52)",1.0
"(24, 53)",1.0
"(24, 54)",0.96
"(24, 55)",0.84
"(24, 56)",0.9
"(24, 57)",0.91
"(24, 58)",0.9
"(24, 59)",0.86
"(24, 60)",0.84
"(24, 61)",0.79
"(24, 62)",0.85
"(24, 63)",0.93
"(24, 64)",0.78
"(24, 65)",0.79
"(24, 66)",0.8
"(25, 0)",0.48
"(25, 1)",0.53
"(25, 2)",0.75
"(25, 3)",0.72
"(25, 4)",0.66
"(25, 5)",0.51
"(25, 6)",0.46
"(25, 7)",0.63
"(25, 8)",0.9
"(25, 9)",0.8
"(25, 10)",0.75
"(25, 11)",0.84
"(25, 12)",0.83
"(25, 13)",0.9
"(25, 14)",0.9
"(25, 15)",0.79
"(25, 16)",0.95
"(25, 17)",0.98
"(25, 18)",0.98
"(25, 19)",0.98
"(25, 20)",0.93
"(25, 21)",0.92
"(25, 22)",0.86
"(25, 23)",0.94
"(25, 24)",0.92
"(25, 25)",0.92
"(25, 26)",0.93
"(25, 27)",0.95
"(25, 28)",0.96
"(25, 29)",0.96
"(25, 30)",0.96
"(25, 31)",0.93
"(25, 32)",0.89
"(25, 33)",0.84
"(25, 34)",0.86
"(25, 35)",0.87
"(25, 36)",0.87
"(25, 37)",0.96
"(25, 38)",0.96
"(25, 39)",0.96
"(25, 40)",0.98
"(25, 41)",0.99
"(25, 42)",0.99
"(25, 43)",0.97
"(25, 44)",1.0
"(25, 45)",0.99
"(25, 46)",0.94
"(25, 47)",0.96
"(25, 48)",0.95
"(25, 49)",0.88
"(25, 50)",0.94
"(25, 51)",1.0
"(25, 52)",0.99
"(25, 53)",1.0
"(25, 54)",0.95
"(25, 55)",0.81
"(25, 56)",0.88
"(25, 57)",0.88
"(25, 58)",0.87
"(25, 59)",0.85
"(25, 60)",0.84
"(25, 61)",0.78
"(25, 62)",0.84
"(25, 63)",0.93
"(25, 64)",0.79
"(25, 65)",0.82
"(25, 66)",0.82
"(26, 0)",0.46
"(26, 1)",0.51
"(26, 2)",0.73
"(26, 3)",0.65
"(26, 4)",0.59
"(26, 5)",0.46
"(26, 6)",0.42
"(26, 7)",0.62
"(26, 8)",0.85
"(26, 9)",0.78
"(26, 10)",0.75
"(26, 11)",0.85
"(26, 12)",0.82
"(26, 13)",0.87
"(26, 14)",0.9
"(26, 15)",0.77
"(26, 16)",0.91
"(26, 17)",0.96
"(26, 18)",0.96
"(26, 19)",0.96
"(26, 20)",0.93
"(26, 21)",0.93
"(26, 22)",0.87
"(26, 23)",0.96
"(26, 24)",0.94
"(26, 25)",0.95
"(26, 26)",0.95
"(26, 27)",0.95
"(26, 28)",0.97
"(26, 29)",0.98
"(26, 30)",0.96
"(26, 31)",0.92
"(26, 32)",0.89
"(26, 33)",0.83
"(26, 34)",0.85
"(26, 35)",0.86
"(26, 36)",0.86
"(26, 37)",0.94
"(26, 38)",0.96
"(26, 39)",0.96
"(26, 40)",0.96
"(26, 41)",0.99
"(26, 42)",0.99
"(26, 43)",0.98
"(26, 44)",0.99
"(26, 45)",0.97
"(26, 46)",0.94
"(26, 47)",0.96
"(26, 48)",0.92
"(26, 49)",0.84
"(26, 50)",0.92
"(26, 51)",0.98
"(26, 52)",0.96
"(26, 53)",0.97
"(26, 54)",0.89
"(26, 55)",0.75
"(26, 56)",0.83
"(26, 57)",0.83
"(26, 58)",0.81
"(26, 59)",0.8
"(26, 60)",0.79
"(26, 61)",0.73
"(26, 62)",0.82
"(26, 63)",0.92
"(26, 64)",0.77
"(26, 65)",0.8
"(26, 66)",0.81
"(27, 0)",0.49
"(27, 1)",0.54
"(27, 2)",0.77
"(27, 3)",0.7
"(27, 4)",0.61
"(27, 5)",0.47
"(27, 6)",0.42
"(27, 7)",0.55
"(27, 8)",0.7
"(27, 9)",0.66
"(27, 10)",0.66
"(27, 11)",0.76
"(27, 12)",0.81
"(27, 13)",0.86
"(27, 14)",0.89
"(27, 15)",0.77
"(27, 16)",0.94
"(27, 17)",0.99
"(27, 18)",0.99
"(27, 19)",0.99
"(27, 20)",0.96
"(27, 21)",0.94
"(27, 22)",0.87
"(27, 23)",0.96
"(27, 24)",0.94
"(27, 25)",0.95
"(27, 26)",0.96
"(27, 27)",0.98
"(27, 28)",0.99
"(27, 29)",0.99
"(27, 30)",0.96
"(27, 31)",0.93
"(27, 32)",0.9
"(27, 33)",0.84
"(27, 34)",0.86
"(27, 35)",0.87
"(27, 36)",0.87
"(27, 37)",0.93
"(27, 38)",0.97
"(27, 39)",0.97
"(27, 40)",0.97
"(27, 41)",1.0
"(27, 42)",0.99
"(27, 43)",0.99
"(27, 44)",1.0
"(27, 45)",0.98
"(27, 46)",0.94
"(27, 47)",0.96
"(27, 48)",0.92
"(27, 49)",0.82
"(27, 50)",0.92
"(27, 51)",0.96
"(27, 52)",0.95
"(27, 53)",0.96
"(27, 54)",0.88
"(27, 55)",0.73
"(27, 56)",0.78
"(27, 57)",0.78
"(27, 58)",0.76
"(27, 59)",0.78
"(27, 60)",0.78
"(27, 61)",0.72
"(27, 62)",0.8
"(27, 63)",0.93
"(27, 64)",0.76
"(27, 65)",0.78
"(27, 66)",0.82
"(28, 0)",0.45
"(28, 1)",0.5
"(28, 2)",0.76
"(28, 3)",0.74
"(28, 4)",0.63
"(28, 5)",0.49
"(28, 6)",0.42
"(28, 7)",0.54
"(28, 8)",0.77
"(28, 9)",0.78
"(28, 10)",0.8
"(28, 11)",0.84
"(28, 12)",0.85
"(28, 13)",0.87
"(28, 14)",0.88
"(28, 15)",0.78
"(28, 16)",0.94
"(28, 17)",0.99
"(28, 18)",0.99
"(28, 19)",0.99
"(28, 20)",0.97
"(28, 21)",0.96
"(28, 22)",0.87
"(28, 23)",0.97
"(28, 24)",0.96
"(28, 25)",0.97
"(28, 26)",0.98
"(28, 27)",1.0
"(28, 28)",1.0
"(28, 29)",1.0
"(28, 30)",0.97
"(28, 31)",0.94
"(28, 32)",0.91
"(28, 33)",0.84
"(28, 34)",0.86
"(28, 35)",0.87
"(28, 36)",0.87
"(28, 37)",0.92
"(28, 38)",0.96
"(28, 39)",0.96
"(28, 40)",0.96
"(28, 41)",0.99
"(28, 42)",0.99
"(28, 43)",0.99
"(28, 44)",1.0
"(28, 45)",0.97
"(28, 46)",0.93
"(28, 47)",0.95
"(28, 48)",0.9
"(28, 49)",0.79
"(28, 50)",0.93
"(28, 51)",0.97
"(28, 52)",0.97
"(28, 53)",0.97
"(28, 54)",0.91
"(28, 55)",0.75
"(28, 56)",0.8
"(28, 57)",0.83
"(28, 58)",0.8
"(28, 59)",0.81
"(28, 60)",0.8
"(28, 61)",0.76
"(28, 62)",0.85
"(28, 63)",1.0
"(28, 64)",0.88
"(28, 65)",0.93
"(28, 66)",0.97
"(29, 0)",0.48
"(29, 1)",0.53
"(29, 2)",0.82
"(29, 3)",0.82
"(29, 4)",0.74
"(29, 5)",0.58
"(29, 6)",0.52
"(29, 7)",0.63
"(29, 8)",0.82
"(29, 9)",0.83
"(29, 10)",0.88
"(29, 11)",0.92
"(29, 12)",0.92
"(29, 13)",0.93
"(29, 14)",0.89
"(29, 15)",0.8
"(29, 16)",0.96
"(29, 17)",1.0
"(29, 18)",1.0
"(29, 19)",1.0
"(29, 20)",0.98
"(29, 21)",0.97
"(29, 22)",0.88
"(29, 23)",0.98
"(29, 24)",0.97
"(29, 25)",0.98
"(29, 26)",0.97
"(29, 27)",1.0
"(29, 28)",0.99
"(29, 29)",1.0
"(29, 30)",0.96
"(29, 31)",0.92
"(29, 32)",0.87
"(29, 33)",0.81
"(29, 34)",0.83
"(29, 35)",0.85
"(29, 36)",0.85
"(29, 37)",0.92
"(29, 38)",0.97
"(29, 39)",0.97
"(29, 40)",0.97
"(29, 41)",1.0
"(29, 42)",0.99
"(29, 43)",0.99
"(29, 44)",1.0
"(29, 45)",0.95
"(29, 46)",0.89
"(29, 47)",0.92
"(29, 48)",0.87
"(29, 49)",0.76
"(29, 50)",0.9
"(29, 51)",0.94
"(29, 52)",0.94
"(29, 53)",0.94
"(29, 54)",0.9
"(29, 55)",0.74
"(29, 56)",0.81
"(29, 57)",0.83
"(29, 58)",0.79
"(29, 59)",0.79
"(29, 60)",0.78
"(29, 61)",0.75
"(29, 62)",0.85
"(29, 63)",0.99
"(29, 64)",0.87
"(29, 65)",0.92
"(29, 66)",0.96
"(30, 0)",0.47
"(30, 1)",0.52
"(30, 2)",0.8
"(30, 3)",0.8
"(30, 4)",0.72
"(30, 5)",0.56
"(30, 6)",0.49
"(30, 7)",0.6
"(30, 8)",0.78
"(30, 9)",0.79
"(30, 10)",0.83
"(30, 11)",0.86
"(30, 12)",0.88
"(30, 13)",0.85
"(30, 14)",0.83
"(30, 15)",0.77
"(30, 16)",0.98
"(30, 17)",0.99
"(30, 18)",0.99
"(30, 19)",0.99
"(30, 20)",0.97
"(30, 21)",0.97
"(30, 22)",0.87
"(30, 23)",0.97
"(30, 24)",0.93
"(30, 25)",0.96
"(30, 26)",0.96
"(30, 27)",0.99
"(30, 28)",0.98
"(30, 29)",1.0
"(30, 30)",0.98
"(30, 31)",0.95
"(30, 32)",0.9
"(30, 33)",0.85
"(30, 34)",0.86
"(30, 35)",0.88
"(30, 36)",0.88
"(30, 37)",0.93
"(30, 38)",0.97
"(30, 39)",0.97
"(30, 40)",0.97
"(30, 41)",0.99
"(30, 42)",0.99
"(30, 43)",0.99
"(30, 44)",1.0
"(30, 45)",0.94
"(30, 46)",0.88
"(30, 47)",0.88
"(30, 48)",0.83
"(30, 49)",0.71
"(30, 50)",0.85
"(30, 51)",0.9
"(30, 52)",0.9
"(30, 53)",0.9
"(30, 54)",0.86
"(30, 55)",0.69
"(30, 56)",0.75
"(30, 57)",0.78
"(30, 58)",0.74
"(30, 59)",0.73
"(30, 60)",0.72
"(30, 61)",0.69
"(30, 62)",0.8
"(30, 63)",0.95
"(30, 64)",0.82
"(30, 65)",0.86
"(30, 66)",0.91
"(31, 0)",0.48
"(31, 1)",0.54
"(31, 2)",0.84
"(31, 3)",0.84
"(31, 4)",0.76
"(31, 5)",0.59
"(31, 6)",0.52
"(31, 7)",0.59
"(31, 8)",0.78
"(31, 9)",0.8
"(31, 10)",0.83
"(31, 11)",0.86
"(31, 12)",0.97
"(31, 13)",0.95
"(31, 14)",0.91
"(31, 15)",0.84
"(31, 16)",0.98
"(31, 17)",0.99
"(31, 18)",0.99
"(31, 19)",0.99
"(31, 20)",0.98
"(31, 21)",1.0
"(31, 22)",0.9
"(31, 23)",0.98
"(31, 24)",0.94
"(31, 25)",0.97
"(31, 26)",0.98
"(31, 27)",0.99
"(31, 28)",0.98
"(31, 29)",1.0
"(31, 30)",0.98
"(31, 31)",0.95
"(31, 32)",0.9
"(31, 33)",0.85
"(31, 34)",0.85
"(31, 35)",0.87
"(31, 36)",0.87
"(31, 37)",0.93
"(31, 38)",0.98
"(31, 39)",0.98
"(31, 40)",0.98
"(31, 41)",1.0
"(31, 42)",0.99
"(31, 43)",0.99
"(31, 44)",1.0
"(31, 45)",0.94
"(31, 46)",0.85
"(31, 47)",0.86
"(31, 48)",0.82
"(31, 49)",0.7
"(31, 50)",0.84
"(31, 51)",0.9
"(31, 52)",0.9
"(31, 53)",0.91
"(31, 54)",0.86
"(31, 55)",0.69
"(31, 56)",0.77
"(31, 57)",0.81
"(31, 58)",0.78
"(31, 59)",0.78
"(31, 60)",0.77
"(31, 61)",0.7
"(31, 62)",0.82
"(31, 63)",0.99
"(31, 64)",0.88
"(31, 65)",0.91
"(31, 66)",0.94
"(32, 0)",0.45
"(32, 1)",0.5
"(32, 2)",0.86
"(32, 3)",0.89
"(32, 4)",0.82
"(32, 5)",0.66
"(32, 6)",0.55
"(32, 7)",0.6
"(32, 8)",0.81
"(32, 9)",0.82
"(32, 10)",0.86
"(32, 11)",0.88
"(32, 12)",1.0
"(32, 13)",0.98
"(32, 14)",0.94
"(32, 15)",0.89
"(32, 16)",0.97
"(32, 17)",1.0
"(32, 18)",0.99
"(32, 19)",1.0
"(32, 20)",0.99
"(32, 21)",1.0
"(32, 22)",0.93
"(32, 23)",0.99
"(32, 24)",0.95
"(32, 25)",0.98
"(32, 26)",0.99
"(32, 27)",1.0
"(32, 28)",1.0
"(32, 29)",1.0
"(32, 30)",0.98
"(32, 31)",0.95
"(32, 32)",0.9
"(32, 33)",0.84
"(32, 34)",0.84
"(32, 35)",0.87
"(32, 36)",0.87
"(32, 37)",0.94
"(32, 38)",0.98
"(32, 39)",0.98
"(32, 40)",0.98
"(32, 41)",1.0
"(32, 42)",0.99
"(32, 43)",0.99
"(32, 44)",1.0
"(32, 45)",0.96
"(32, 46)",0.83
"(32, 47)",0.84
"(32, 48)",0.8
"(32, 49)",0.68
"(32, 50)",0.82
"(32, 51)",0.9
"(32, 52)",0.9
"(32, 53)",0.9
"(32, 54)",0.85
"(32, 55)",0.69
"(32, 56)",0.77
"(32, 57)",0.81
"(32, 58)",0.78
"(32, 59)",0.79
"(32, 60)",0.78
"(32, 61)",0.69
"(32, 62)",0.79
"(32, 63)",0.98
"(32, 64)",0.87
"(32, 65)",0.9
"(32, 66)",0.93
"(33, 0)",0.5
"(33, 1)",0.54
"(33, 2)",0.89
"(33, 3)",0.96
"(33, 4)",0.88
"(33, 5)",0.73
"(33, 6)",0.62
"(33, 7)",0.71
"(33, 8)",0.88
"(33, 9)",0.82
"(33, 10)",0.84
"(33, 11)",0.84
"(33, 12)",0.96
"(33, 13)",0.95
"(33, 14)",0.91
"(33, 15)",0.87
"(33, 16)",0.96
"(33, 17)",0.97
"(33, 18)",0.97
"(33, 19)",0.98
"(33, 20)",0.97
"(33, 21)",0.98
"(33, 22)",0.87
"(33, 23)",0.93
"(33, 24)",0.83
"(33, 25)",0.92
"(33, 26)",0.98
"(33, 27)",0.99
"(33, 28)",0.99
"(33, 29)",0.99
"(33, 30)",0.97
"(33, 31)",0.93
"(33, 32)",0.86
"(33, 33)",0.83
"(33, 34)",0.81
"(33, 35)",0.86
"(33, 36)",0.86
"(33, 37)",0.96
"(33, 38)",0.97
"(33, 39)",0.95
"(33, 40)",0.96
"(33, 41)",0.98
"(33, 42)",0.97
"(33, 43)",0.98
"(33, 44)",0.99
"(33, 45)",0.95
"(33, 46)",0.8
"(33, 47)",0.81
"(33, 48)",0.75
"(33, 49)",0.56
"(33, 50)",0.75
"(33, 51)",0.86
"(33, 52)",0.87
"(33, 53)",0.88
"(33, 54)",0.83
"(33, 55)",0.68
"(33, 56)",0.75
"(33, 57)",0.77
"(33, 58)",0.74
"(33, 59)",0.75
"(33, 60)",0.73
"(33, 61)",0.64
"(33, 62)",0.72
"(33, 63)",0.91
"(33, 64)",0.83
"(33, 65)",0.87
"(33, 66)",0.91
"(34, 0)",0.51
"(34, 1)",0.55
"(34, 2)",0.9
"(34, 3)",0.96
"(34, 4)",0.86
"(34, 5)",0.72
"(34, 6)",0.67
"(34, 7)",0.78
"(34, 8)",0.92
"(34, 9)",0.81
"(34, 10)",0.83
"(34, 11)",0.84
"(34, 12)",0.94
"(34, 13)",0.94
"(34, 14)",0.91
"(34, 15)",0.9
"(34, 16)",0.97
"(34, 17)",0.98
"(34, 18)",0.97
"(34, 19)",0.97
"(34, 20)",0.97
"(34, 21)",0.98
"(34, 22)",0.88
"(34, 23)",0.94
"(34, 24)",0.85
"(34, 25)",0.93
"(34, 26)",0.98
"(34, 27)",0.99
"(34, 28)",0.99
"(34, 29)",0.98
"(34, 30)",0.95
"(34, 31)",0.9
"(34, 32)",0.83
"(34, 33)",0.8
"(34, 34)",0.77
"(34, 35)",0.82
"(34, 36)",0.81
"(34, 37)",0.94
"(34, 38)",0.95
"(34, 39)",0.93
"(34, 40)",0.94
"(34, 41)",0.97
"(34, 42)",0.96
"(34, 43)",0.97
"(34, 44)",0.98
"(34, 45)",0.95
"(34, 46)",0.8
"(34, 47)",0.82
"(34, 48)",0.74
"(34, 49)",0.57
"(34, 50)",0.75
"(34, 51)",0.86
"(34, 52)",0.87
"(34, 53)",0.88
"(34, 54)",0.82
"(34, 55)",0.63
"(34, 56)",0.72
"(34, 57)",0.74
"(34, 58)",0.7
"(34, 59)",0.71
"(34, 60)",0.68
"(34, 61)",0.54
"(34, 62)",0.61
"(34, 63)",0.79
"(34, 64)",0.73
"(34, 65)",0.76
"(34, 66)",0.82
"(35, 0)",0.5
"(35, 1)",0.53
"(35, 2)",0.91
"(35, 3)",0.94
"(35, 4)",0.83
"(35, 5)",0.76
"(35, 6)",0.68
"(35, 7)",0.78
"(35, 8)",0.93
"(35, 9)",0.81
"(35, 10)",0.84
"(35, 11)",0.85
"(35, 12)",0.95
"(35, 13)",0.94
"(35, 14)",0.91
"(35, 15)",0.91
"(35, 16)",0.98
"(35, 17)",1.0
"(35, 18)",0.99
"(35, 19)",0.99
"(35, 20)",0.99
"(35, 21)",1.0
"(35, 22)",0.94
"(35, 23)",0.98
"(35, 24)",0.91
"(35, 25)",0.93
"(35, 26)",0.97
"(35, 27)",0.98
"(35, 28)",0.96
"(35, 29)",0.95
"(35, 30)",0.93
"(35, 31)",0.9
"(35, 32)",0.84
"(35, 33)",0.79
"(35, 34)",0.72
"(35, 35)",0.79
"(35, 36)",0.8
"(35, 37)",0.93
"(35, 38)",0.95
"(35, 39)",0.94
"(35, 40)",0.95
"(35, 41)",0.97
"(35, 42)",0.96
"(35, 43)",0.96
"(35, 44)",0.97
"(35, 45)",0.94
"(35, 46)",0.76
"(35, 47)",0.77
"(35, 48)",0.71
"(35, 49)",0.54
"(35, 50)",0.69
"(35, 51)",0.74
"(35, 52)",0.77
"(35, 53)",0.78
"(35, 54)",0.71
"(35, 55)",0.51
"(35, 56)",0.6
"(35, 57)",0.62
"(35, 58)",0.57
"(35, 59)",0.57
"(35, 60)",0.52
"(35, 61)",0.24
"(35, 62)",0.33
"(35, 63)",0.54
"(35, 64)",0.54
"(35, 65)",0.59
"(35, 66)",0.63
"(36, 0)",0.47
"(36, 1)",0.52
"(36, 2)",0.86
"(36, 3)",0.9
"(36, 4)",0.84
"(36, 5)",0.73
"(36, 6)",0.72
"(36, 7)",0.82
"(36, 8)",0.98
"(36, 9)",0.89
"(36, 10)",0.93
"(36, 11)",0.93
"(36, 12)",0.93
"(36, 13)",0.97
"(36, 14)",0.95
"(36, 15)",0.93
"(36, 16)",0.99
"(36, 17)",1.0
"(36, 18)",0.99
"(36, 19)",0.99
"(36, 20)",0.99
"(36, 21)",1.0
"(36, 22)",0.93
"(36, 23)",0.98
"(36, 24)",0.94
"(36, 25)",0.94
"(36, 26)",0.98
"(36, 27)",0.98
"(36, 28)",0.96
"(36, 29)",0.95
"(36, 30)",0.91
"(36, 31)",0.88
"(36, 32)",0.81
"(36, 33)",0.75
"(36, 34)",0.63
"(36, 35)",0.71
"(36, 36)",0.77
"(36, 37)",0.91
"(36, 38)",0.94
"(36, 39)",0.93
"(36, 40)",0.93
"(36, 41)",0.97
"(36, 42)",0.95
"(36, 43)",0.94
"(36, 44)",0.95
"(36, 45)",0.92
"(36, 46)",0.72
"(36, 47)",0.74
"(36, 48)",0.69
"(36, 49)",0.52
"(36, 50)",0.64
"(36, 51)",0.64
"(36, 52)",0.69
"(36, 53)",0.69
"(36, 54)",0.63
"(36, 55)",0.48
"(36, 56)",0.53
"(36, 57)",0.55
"(36, 58)",0.49
"(36, 59)",0.49
"(36, 60)",0.41
"(36, 61)",0.11
"(36, 62)",0.21
"(36, 63)",0.43
"(36, 64)",0.44
"(36, 65)",0.47
"(36, 66)",0.5
"(37, 0)",0.47
"(37, 1)",0.52
"(37, 2)",0.81
"(37, 3)",0.85
"(37, 4)",0.79
"(37, 5)",0.72
"(37, 6)",0.74
"(37, 7)",0.86
"(37, 8)",0.98
"(37, 9)",0.88
"(37, 10)",0.93
"(37, 11)",0.92
"(37, 12)",0.89
"(37, 13)",0.96
"(37, 14)",0.93
"(37, 15)",0.9
"(37, 16)",0.88
"(37, 17)",0.87
"(37, 18)",0.87
"(37, 19)",0.87
"(37, 20)",0.88
"(37, 21)",0.87
"(37, 22)",0.81
"(37, 23)",0.85
"(37, 24)",0.83
"(37, 25)",0.83
"(37, 26)",0.83
"(37, 27)",0.83
"(37, 28)",0.8
"(37, 29)",0.77
"(37, 30)",0.7
"(37, 31)",0.62
"(37, 32)",0.54
"(37, 33)",0.48
"(37, 34)",0.33
"(37, 35)",0.43
"(37, 36)",0.5
"(37, 37)",0.67
"(37, 38)",0.72
"(37, 39)",0.71
"(37, 40)",0.72
"(37, 41)",0.78
"(37, 42)",0.78
"(37, 43)",0.78
"(37, 44)",0.79
"(37, 45)",0.77
"(37, 46)",0.61
"(37, 47)",0.66
"(37, 48)",0.64
"(37, 49)",0.52
"(37, 50)",0.66
"(37, 51)",0.65
"(37, 52)",0.7
"(37, 53)",0.71
"(37, 54)",0.66
"(37, 55)",0.55
"(37, 56)",0.62
"(37, 57)",0.65
"(37, 58)",0.63
"(37, 59)",0.64
"(37, 60)",0.61
"(37, 61)",0.36
"(37, 62)",0.43
"(37, 63)",0.61
"(37, 64)",0.61
"(37, 65)",0.61
"(37, 66)",0.64
"(38, 0)",0.47
"(38, 1)",0.52
"(38, 2)",0.83
"(38, 3)",0.89
"(38, 4)",0.82
"(38, 5)",0.74
"(38, 6)",0.69
"(38, 7)",0.82
"(38, 8)",0.94
"(38, 9)",0.86
"(38, 10)",0.92
"(38, 11)",0.91
"(38, 12)",0.86
"(38, 13)",0.97
"(38, 14)",0.95
"(38, 15)",0.94
"(38, 16)",1.0
"(38, 17)",1.0
"(38, 18)",0.99
"(38, 19)",1.0
"(38, 20)",1.0
"(38, 21)",1.0
"(38, 22)",0.96
"(38, 23)",1.0
"(38, 24)",1.0
"(38, 25)",1.0
"(38, 26)",1.0
"(38, 27)",1.0
"(38, 28)",0.99
"(38, 29)",0.98
"(38, 30)",0.96
"(38, 31)",0.92
"(38, 32)",0.87
"(38, 33)",0.86
"(38, 34)",0.72
"(38, 35)",0.79
"(38, 36)",0.83
"(38, 37)",0.96
"(38, 38)",1.0
"(38, 39)",0.98
"(38, 40)",0.97
"(38, 41)",1.0
"(38, 42)",0.98
"(38, 43)",0.98
"(38, 44)",1.0
"(38, 45)",0.97
"(38, 46)",0.81
"(38, 47)",0.84
"(38, 48)",0.81
"(38, 49)",0.67
"(38, 50)",0.87
"(38, 51)",0.85
"(38, 52)",0.9
"(38, 53)",0.9
"(38, 54)",0.89
"(38, 55)",0.8
"(38, 56)",0.9
"(38, 57)",0.92
"(38, 58)",0.91
"(38, 59)",0.93
"(38, 60)",0.91
"(38, 61)",0.63
"(38, 62)",0.69
"(38, 63)",0.8
"(38, 64)",0.76
"(38, 65)",0.76
"(38, 66)",0.77
"(39, 0)",0.44
"(39, 1)",0.49
"(39, 2)",0.8
"(39, 3)",0.86
"(39, 4)",0.78
"(39, 5)",0.67
"(39, 6)",0.63
"(39, 7)",0.75
"(39, 8)",0.81
"(39, 9)",0.73
"(39, 10)",0.79
"(39, 11)",0.77
"(39, 12)",0.73
"(39, 13)",0.98
"(39, 14)",0.94
"(39, 15)",0.93
"(39, 16)",1.0
"(39, 17)",1.0
"(39, 18)",0.99
"(39, 19)",1.0
"(39, 20)",1.0
"(39, 21)",1.0
"(39, 22)",0.96
"(39, 23)",1.0
"(39, 24)",1.0
"(39, 25)",1.0
"(39, 26)",1.0
"(39, 27)",1.0
"(39, 28)",0.99
"(39, 29)",0.97
"(39, 30)",0.97
"(39, 31)",0.93
"(39, 32)",0.89
"(39, 33)",0.88
"(39, 34)",0.73
"(39, 35)",0.79
"(39, 36)",0.83
"(39, 37)",0.95
"(39, 38)",0.99
"(39, 39)",0.97
"(39, 40)",0.96
"(39, 41)",0.98
"(39, 42)",0.97
"(39, 43)",0.97
"(39, 44)",0.99
"(39, 45)",0.96
"(39, 46)",0.82
"(39, 47)",0.86
"(39, 48)",0.86
"(39, 49)",0.73
"(39, 50)",0.92
"(39, 51)",0.89
"(39, 52)",0.92
"(39, 53)",0.93
"(39, 54)",0.92
"(39, 55)",0.82
"(39, 56)",0.89
"(39, 57)",0.92
"(39, 58)",0.93
"(39, 59)",0.97
"(39, 60)",0.94
"(39, 61)",0.66
"(39, 62)",0.72
"(39, 63)",0.8
"(39, 64)",0.75
"(39, 65)",0.77
"(39, 66)",0.78
"(40, 0)",0.45
"(40, 1)",0.49
"(40, 2)",0.82
"(40, 3)",0.89
"(40, 4)",0.81
"(40, 5)",0.7
"(40, 6)",0.71
"(40, 7)",0.9
"(40, 8)",0.91
"(40, 9)",0.83
"(40, 10)",0.89
"(40, 11)",0.87
"(40, 12)",0.84
"(40, 13)",0.99
"(40, 14)",0.94
"(40, 15)",0.93
"(40, 16)",1.0
"(40, 17)",0.99
"(40, 18)",0.99
"(40, 19)",0.97
"(40, 20)",0.98
"(40, 21)",1.0
"(40, 22)",0.97
"(40, 23)",1.0
"(40, 24)",1.0
"(40, 25)",1.0
"(40, 26)",1.0
"(40, 27)",1.0
"(40, 28)",0.99
"(40, 29)",0.97
"(40, 30)",0.97
"(40, 31)",0.96
"(40, 32)",0.92
"(40, 33)",0.91
"(40, 34)",0.77
"(40, 35)",0.83
"(40, 36)",0.86
"(40, 37)",0.96
"(40, 38)",0.98
"(40, 39)",0.97
"(40, 40)",0.98
"(40, 41)",0.97
"(40, 42)",0.97
"(40, 43)",0.98
"(40, 44)",0.98
"(40, 45)",0.97
"(40, 46)",0.84
"(40, 47)",0.9
"(40, 48)",0.86
"(40, 49)",0.73
"(40, 50)",0.92
"(40, 51)",0.86
"(40, 52)",0.9
"(40, 53)",0.93
"(40, 54)",0.93
"(40, 55)",0.83
"(40, 56)",0.89
"(40, 57)",0.93
"(40, 58)",0.93
"(40, 59)",0.95
"(40, 60)",0.92
"(40, 61)",0.68
"(40, 62)",0.76
"(40, 63)",0.82
"(40, 64)",0.78
"(40, 65)",0.8
"(40, 66)",0.79
"(41, 0)",0.49
"(41, 1)",0.56
"(41, 2)",0.84
"(41, 3)",0.84
"(41, 4)",0.76
"(41, 5)",0.7
"(41, 6)",0.76
"(41, 7)",0.93
"(41, 8)",0.97
"(41, 9)",0.9
"(41, 10)",0.93
"(41, 11)",0.92
"(41, 12)",0.9
"(41, 13)",0.96
"(41, 14)",0.92
"(41, 15)",0.94
"(41, 16)",0.96
"(41, 17)",0.97
"(41, 18)",0.99
"(41, 19)",0.98
"(41, 20)",0.99
"(41, 21)",0.9
"(41, 22)",0.88
"(41, 23)",0.93
"(41, 24)",0.93
"(41, 25)",0.94
"(41, 26)",0.94
"(41, 27)",0.94
"(41, 28)",0.93
"(41, 29)",0.91
"(41, 30)",0.92
"(41, 31)",0.93
"(41, 32)",0.91
"(41, 33)",0.91
"(41, 34)",0.85
"(41, 35)",0.87
"(41, 36)",0.86
"(41, 37)",0.94
"(41, 38)",0.96
"(41, 39)",0.94
"(41, 40)",0.98
"(41, 41)",0.94
"(41, 42)",0.95
"(41, 43)",0.97
"(41, 44)",0.96
"(41, 45)",0.97
"(41, 46)",0.92
"(41, 47)",0.94
"(41, 48)",0.94
"(41, 49)",0.84
"(41, 50)",0.96
"(41, 51)",0.94
"(41, 52)",0.95
"(41, 53)",0.97
"(41, 54)",0.96
"(41, 55)",0.88
"(41, 56)",0.9
"(41, 57)",0.96
"(41, 58)",0.96
"(41, 59)",0.97
"(41, 60)",0.96
"(41, 61)",0.83
"(41, 62)",0.87
"(41, 63)",0.9
"(41, 64)",0.87
"(41, 65)",0.89
"(41, 66)",0.91
"(42, 0)",0.49
"(42, 1)",0.57
"(42, 2)",0.82
"(42, 3)",0.82
"(42, 4)",0.75
"(42, 5)",0.68
"(42, 6)",0.73
"(42, 7)",0.86
"(42, 8)",0.91
"(42, 9)",0.84
"(42, 10)",0.87
"(42, 11)",0.87
"(42, 12)",0.85
"(42, 13)",0.93
"(42, 14)",0.89
"(42, 15)",0.91
"(42, 16)",0.96
"(42, 17)",0.97
"(42, 18)",0.99
"(42, 19)",0.98
"(42, 20)",0.98
"(42, 21)",0.92
"(42, 22)",0.9
"(42, 23)",0.96
"(42, 24)",0.96
"(42, 25)",0.98
"(42, 26)",0.98
"(42, 27)",0.98
"(42, 28)",0.97
"(42, 29)",0.96
"(42, 30)",0.95
"(42, 31)",0.94
"(42, 32)",0.93
"(42, 33)",0.93
"(42, 34)",0.87
"(42, 35)",0.87
"(42, 36)",0.84
"(42, 37)",0.95
"(42, 38)",0.97
"(42, 39)",0.95
"(42, 40)",0.99
"(42, 41)",0.97
"(42, 42)",0.98
"(42, 43)",0.99
"(42, 44)",0.99
"(42, 45)",0.98
"(42, 46)",0.95
"(42, 47)",0.96
"(42, 48)",0.97
"(42, 49)",0.85
"(42, 50)",0.97
"(42, 51)",0.96
"(42, 52)",0.98
"(42, 53)",0.99
"(42, 54)",0.99
"(42, 55)",0.95
"(42, 56)",0.96
"(42, 57)",0.99
"(42, 58)",0.99
"(42, 59)",0.99
"(42, 60)",0.98
"(42, 61)",0.88
"(42, 62)",0.9
"(42, 63)",0.93
"(42, 64)",0.89
"(42, 65)",0.91
"(42, 66)",0.94
"(43, 0)",0.46
"(43, 1)",0.55
"(43, 2)",0.83
"(43, 3)",0.85
"(43, 4)",0.77
"(43, 5)",0.68
"(43, 6)",0.71
"(43, 7)",0.87
"(43, 8)",0.9
"(43, 9)",0.85
"(43, 10)",0.88
"(43, 11)",0.87
"(43, 12)",0.83
"(43, 13)",0.92
"(43, 14)",0.9
"(43, 15)",0.92
"(43, 16)",0.99
"(43, 17)",1.0
"(43, 18)",1.0
"(43, 19)",0.99
"(43, 20)",1.0
"(43, 21)",1.0
"(43, 22)",0.96
"(43, 23)",0.99
"(43, 24)",0.99
"(43, 25)",1.0
"(43, 26)",1.0
"(43, 27)",1.0
"(43, 28)",0.99
"(43, 29)",0.98
"(43, 30)",0.98
"(43, 31)",0.97
"(43, 32)",0.96
"(43, 33)",0.96
"(43, 34)",0.94
"(43, 35)",0.95
"(43, 36)",0.93
"(43, 37)",0.99
"(43, 38)",0.97
"(43, 39)",0.96
"(43, 40)",0.99
"(43, 41)",0.97
"(43, 42)",0.99
"(43, 43)",0.99
"(43, 44)",0.99
"(43, 45)",0.99
"(43, 46)",0.97
"(43, 47)",0.95
"(43, 48)",0.99
"(43, 49)",0.88
"(43, 50)",0.98
"(43, 51)",0.97
"(43, 52)",0.98
"(43, 53)",0.99
"(43, 54)",0.99
"(43, 55)",0.95
"(43, 56)",0.96
"(43, 57)",0.99
"(43, 58)",0.99
"(43, 59)",0.99
"(43, 60)",0.98
"(43, 61)",0.89
"(43, 62)",0.91
"(43, 63)",0.94
"(43, 64)",0.91
"(43, 65)",0.93
"(43, 66)",0.96
"(44, 0)",0.49
"(44, 1)",0.59
"(44, 2)",0.87
"(44, 3)",0.88
"(44, 4)",0.79
"(44, 5)",0.72
"(44, 6)",0.72
"(44, 7)",0.9
"(44, 8)",0.93
"(44, 9)",0.89
"(44, 10)",0.92
"(44, 11)",0.91
"(44, 12)",0.86
"(44, 13)",0.93
"(44, 14)",0.9
"(44, 15)",0.92
"(44, 16)",1.0
"(44, 17)",1.0
"(44, 18)",1.0
"(44, 19)",0.98
"(44, 20)",1.0
"(44, 21)",1.0
"(44, 22)",0.97
"(44, 23)",1.0
"(44, 24)",1.0
"(44, 25)",1.0
"(44, 26)",0.99
"(44, 27)",0.98
"(44, 28)",0.96
"(44, 29)",0.95
"(44, 30)",0.95
"(44, 31)",0.94
"(44, 32)",0.93
"(44, 33)",0.93
"(44, 34)",0.91
"(44, 35)",0.91
"(44, 36)",0.89
"(44, 37)",1.0
"(44, 38)",0.94
"(44, 39)",0.94
"(44, 40)",0.98
"(44, 41)",0.98
"(44, 42)",1.0
"(44, 43)",1.0
"(44, 44)",1.0
"(44, 45)",1.0
"(44, 46)",0.98
"(44, 47)",0.9616666666666667
"(44, 48)",0.97
"(44, 49)",0.87
"(44, 50)",0.96
"(44, 51)",0.96
"(44, 52)",0.98
"(44, 53)",0.99
"(44, 54)",0.99
"(44, 55)",0.95
"(44, 56)",0.96
"(44, 57)",0.99
"(44, 58)",0.99
"(44, 59)",0.99
"(44, 60)",0.98
"(44, 61)",0.89
"(44, 62)",0.91
"(44, 63)",0.94
"(44, 64)",0.91
"(44, 65)",0.93
"(44, 66)",0.96
"(45, 0)",0.48
"(45, 1)",0.58
"(45, 2)",0.87
"(45, 3)",0.88
"(45, 4)",0.78
"(45, 5)",0.71
"(45, 6)",0.71
"(45, 7)",0.9
"(45, 8)",0.94
"(45, 9)",0.9
"(45, 10)",0.94
"(45, 11)",0.93
"(45, 12)",0.85
"(45, 13)",0.93
"(45, 14)",0.9
"(45, 15)",0.92
"(45, 16)",1.0
"(45, 17)",1.0
"(45, 18)",1.0
"(45, 19)",0.98
"(45, 20)",1.0
"(45, 21)",1.0
"(45, 22)",0.98
"(45, 23)",1.0
"(45, 24)",1.0
"(45, 25)",1.0
"(45, 26)",1.0
"(45, 27)",0.99
"(45, 28)",0.98
"(45, 29)",0.98
"(45, 30)",0.98
"(45, 31)",0.97
"(45, 32)",0.95
"(45, 33)",0.95
"(45, 34)",0.93
"(45, 35)",0.92
"(45, 36)",0.9
"(45, 37)",1.0
"(45, 38)",0.97
"(45, 39)",0.96
"(45, 40)",1.0
"(45, 41)",0.98
"(45, 42)",1.0
"(45, 43)",0.99
"(45, 44)",0.99
"(45, 45)",0.99
"(45, 46)",0.97
"(45, 47)",0.93
"(45, 48)",0.95
"(45, 49)",0.86
"(45, 50)",0.95
"(45, 51)",0.95
"(45, 52)",0.98
"(45, 53)",0.99
"(45, 54)",0.99
"(45, 55)",0.96
"(45, 56)",0.97
"(45, 57)",1.0
"(45, 58)",1.0
"(45, 59)",1.0
"(45, 60)",0.98
"(45, 61)",0.89
"(45, 62)",0.91
"(45, 63)",0.94
"(45, 64)",0.91
"(45, 65)",0.93
"(45, 66)",0.96
"(46, 0)",0.49
"(46, 1)",0.6
"(46, 2)",0.9
"(46, 3)",0.89
"(46, 4)",0.76
"(46, 5)",0.69
"(46, 6)",0.7
"(46, 7)",0.88
"(46, 8)",0.95
"(46, 9)",0.89
"(46, 10)",0.92
"(46, 11)",0.9
"(46, 12)",0.79
"(46, 13)",0.91
"(46, 14)",0.89
"(46, 15)",0.92
"(46, 16)",0.99
"(46, 17)",1.0
"(46, 18)",1.0
"(46, 19)",0.98
"(46, 20)",1.0
"(46, 21)",1.0
"(46, 22)",0.99
"(46, 23)",1.0
"(46, 24)",1.0
"(46, 25)",1.0
"(46, 26)",1.0
"(46, 27)",0.99
"(46, 28)",0.98
"(46, 29)",0.99
"(46, 30)",0.96
"(46, 31)",0.95
"(46, 32)",0.89
"(46, 33)",0.9
"(46, 34)",0.88
"(46, 35)",0.85
"(46, 36)",0.85
"(46, 37)",0.96
"(46, 38)",0.9
"(46, 39)",0.94
"(46, 40)",0.99
"(46, 41)",0.99
"(46, 42)",0.99
"(46, 43)",1.0
"(46, 44)",1.0
"(46, 45)",1.0
"(46, 46)",1.0
"(46, 47)",0.98
"(46, 48)",0.98
"(46, 49)",0.88
"(46, 50)",0.97
"(46, 51)",0.96
"(46, 52)",0.98
"(46, 53)",0.99
"(46, 54)",0.99
"(46, 55)",0.97
"(46, 56)",0.98
"(46, 57)",1.0
"(46, 58)",1.0
"(46, 59)",1.0
"(46, 60)",0.98
"(46, 61)",0.89
"(46, 62)",0.91
"(46, 63)",0.94
"(46, 64)",0.91
"(46, 65)",0.93
"(46, 66)",0.96
"(47, 0)",0.48
"(47, 1)",0.59
"(47, 2)",0.86
"(47, 3)",0.86
"(47, 4)",0.74
"(47, 5)",0.68
"(47, 6)",0.69
"(47, 7)",0.87
"(47, 8)",0.94
"(47, 9)",0.9
"(47, 10)",0.92
"(47, 11)",0.9
"(47, 12)",0.8
"(47, 13)",0.93
"(47, 14)",0.9
"(47, 15)",0.93
"(47, 16)",0.99
"(47, 17)",1.0
"(47, 18)",1.0
"(47, 19)",0.98
"(47, 20)",1.0
"(47, 21)",1.0
"(47, 22)",0.99
"(47, 23)",0.98
"(47, 24)",1.0
"(47, 25)",1.0
"(47, 26)",1.0
"(47, 27)",0.99
"(47, 28)",0.99
"(47, 29)",0.99
"(47, 30)",0.96
"(47, 31)",0.94
"(47, 32)",0.88
"(47, 33)",0.89
"(47, 34)",0.88
"(47, 35)",0.86
"(47, 36)",0.87
"(47, 37)",0.96
"(47, 38)",0.91
"(47, 39)",0.95
"(47, 40)",0.99
"(47, 41)",0.99
"(47, 42)",0.99
"(47, 43)",1.0
"(47, 44)",1.0
"(47, 45)",1.0
"(47, 46)",1.0
"(47, 47)",0.98
"(47, 48)",0.98
"(47, 49)",0.87
"(47, 50)",0.97
"(47, 51)",0.96
"(47, 52)",0.98
"(47, 53)",0.99
"(47, 54)",0.98
"(47, 55)",0.96
"(47, 56)",0.97
"(47, 57)",0.99
"(47, 58)",0.99
"(47, 59)",0.99
"(47, 60)",0.96
"(47, 61)",0.88
"(47, 62)",0.9
"(47, 63)",0.93
"(47, 64)",0.9
"(47, 65)",0.92
"(47, 66)",0.95
"(48, 0)",0.45
"(48, 1)",0.57
"(48, 2)",0.83
"(48, 3)",0.83
"(48, 4)",0.72
"(48, 5)",0.64
"(48, 6)",0.64
"(48, 7)",0.81
"(48, 8)",0.87
"(48, 9)",0.85
"(48, 10)",0.85
"(48, 11)",0.83
"(48, 12)",0.75
"(48, 13)",0.89
"(48, 14)",0.87
"(48, 15)",0.9
"(48, 16)",0.99
"(48, 17)",0.99
"(48, 18)",0.99
"(48, 19)",0.98
"(48, 20)",1.0
"(48, 21)",1.0
"(48, 22)",0.99
"(48, 23)",0.98
"(48, 24)",1.0
"(48, 25)",1.0
"(48, 26)",0.99
"(48, 27)",0.98
"(48, 28)",0.98
"(48, 29)",0.98
"(48, 30)",0.96
"(48, 31)",0.93
"(48, 32)",0.87
"(48, 33)",0.88
"(48, 34)",0.88
"(48, 35)",0.86
"(48, 36)",0.87
"(48, 37)",0.97
"(48, 38)",0.9
"(48, 39)",0.95
"(48, 40)",0.99
"(48, 41)",0.99
"(48, 42)",0.98
"(48, 43)",0.99
"(48, 44)",0.99
"(48, 45)",0.99
"(48, 46)",0.99
"(48, 47)",0.97
"(48, 48)",0.97
"(48, 49)",0.86
"(48, 50)",0.95
"(48, 51)",0.94
"(48, 52)",0.96
"(48, 53)",0.97
"(48, 54)",0.97
"(48, 55)",0.95
"(48, 56)",0.96
"(48, 57)",0.98
"(48, 58)",0.98
"(48, 59)",0.98
"(48, 60)",0.96
"(48, 61)",0.87
"(48, 62)",0.89
"(48, 63)",0.92
"(48, 64)",0.91
"(48, 65)",0.93
"(48, 66)",0.96
"(49, 0)",0.44
"(49, 1)",0.57
"(49, 2)",0.8
"(49, 3)",0.78
"(49, 4)",0.69
"(49, 5)",0.59
"(49, 6)",0.6
"(49, 7)",0.77
"(49, 8)",0.83
"(49, 9)",0.81
"(49, 10)",0.81
"(49, 11)",0.77
"(49, 12)",0.67
"(49, 13)",0.91
"(49, 14)",0.91
"(49, 15)",0.91
"(49, 16)",0.97
"(49, 17)",0.96
"(49, 18)",0.98
"(49, 19)",0.97
"(49, 20)",0.99
"(49, 21)",0.99
"(49, 22)",0.98
"(49, 23)",0.97
"(49, 24)",0.99
"(49, 25)",0.98
"(49, 26)",0.97
"(49, 27)",0.96
"(49, 28)",0.96
"(49, 29)",0.94
"(49, 30)",0.92
"(49, 31)",0.88
"(49, 32)",0.83
"(49, 33)",0.85
"(49, 34)",0.84
"(49, 35)",0.83
"(49, 36)",0.84
"(49, 37)",0.95
"(49, 38)",0.88
"(49, 39)",0.93
"(49, 40)",0.97
"(49, 41)",0.98
"(49, 42)",0.97
"(49, 43)",0.98
"(49, 44)",0.98
"(49, 45)",0.99
"(49, 46)",0.99
"(49, 47)",0.97
"(49, 48)",0.97
"(49, 49)",0.86
"(49, 50)",0.95
"(49, 51)",0.94
"(49, 52)",0.96
"(49, 53)",0.97
"(49, 54)",0.97
"(49, 55)",0.95
"(49, 56)",0.96
"(49, 57)",0.98
"(49, 58)",0.98
"(49, 59)",0.98
"(49, 60)",0.96
"(49, 61)",0.87
"(49, 62)",0.89
"(49, 63)",0.92
"(49, 64)",0.91
"(49, 65)",0.93
"(49, 66)",0.96
"(50, 0)",0.44
"(50, 1)",0.56
"(50, 2)",0.8
"(50, 3)",0.79
"(50, 4)",0.68
"(50, 5)",0.57
"(50, 6)",0.58
"(50, 7)",0.71
"(50, 8)",0.77
"(50, 9)",0.77
"(50, 10)",0.77
"(50, 11)",0.71
"(50, 12)",0.65
"(50, 13)",0.89
"(50, 14)",0.9
"(50, 15)",0.9
"(50, 16)",0.94
"(50, 17)",0.92
"(50, 18)",0.95
"(50, 19)",0.95
"(50, 20)",0.96
"(50, 21)",0.96
"(50, 22)",0.95
"(50, 23)",0.94
"(50, 24)",0.95
"(50, 25)",0.93
"(50, 26)",0.93
"(50, 27)",0.92
"(50, 28)",0.92
"(50, 29)",0.9
"(50, 30)",0.88
"(50, 31)",0.86
"(50, 32)",0.82
"(50, 33)",0.84
"(50, 34)",0.84
"(50, 35)",0.83
"(50, 36)",0.84
"(50, 37)",0.93
"(50, 38)",0.86
"(50, 39)",0.91
"(50, 40)",0.96
"(50, 41)",0.97
"(50, 42)",0.96
"(50, 43)",0.97
"(50, 44)",0.97
"(50, 45)",0.98
"(50, 46)",0.98
"(50, 47)",0.96
"(50, 48)",0.96
"(50, 49)",0.86
"(50, 50)",0.95
"(50, 51)",0.94
"(50, 52)",0.96
"(50, 53)",0.97
"(50, 54)",0.97
"(50, 55)",0.95
"(50, 56)",0.96
"(50, 57)",0.98
"(50, 58)",0.98
"(50, 59)",0.98
"(50, 60)",0.96
"(50, 61)",0.87
"(50, 62)",0.89
"(50, 63)",0.92
"(50, 64)",0.91
"(50, 65)",0.93
"(50, 66)",0.96
"(51, 0)",0.47
"(51, 1)",0.6
"(51, 2)",0.83
"(51, 3)",0.81
"(51, 4)",0.71
"(51, 5)",0.59
"(51, 6)",0.62
"(51, 7)",0.73
"(51, 8)",0.79
"(51, 9)",0.78
"(51, 10)",0.78
"(51, 11)",0.72
"(51, 12)",0.68
"(51, 13)",0.89
"(51, 14)",0.88
"(51, 15)",0.9
"(51, 16)",0.94
"(51, 17)",0.91
"(51, 18)",0.93
"(51, 19)",0.94
"(51, 20)",0.96
"(51, 21)",0.97
"(51, 22)",0.96
"(51, 23)",0.95
"(51, 24)",0.96
"(51, 25)",0.96
"(51, 26)",0.95
"(51, 27)",0.94
"(51, 28)",0.94
"(51, 29)",0.92
"(51, 30)",0.9
"(51, 31)",0.88
"(51, 32)",0.86
"(51, 33)",0.88
"(51, 34)",0.86
"(51, 35)",0.86
"(51, 36)",0.88
"(51, 37)",0.96
"(51, 38)",0.89
"(51, 39)",0.94
"(51, 40)",0.98
"(51, 41)",0.99
"(51, 42)",0.98
"(51, 43)",0.99
"(51, 44)",0.99
"(51, 45)",1.0
"(51, 46)",1.0
"(51, 47)",0.98
"(51, 48)",0.98
"(51, 49)",0.87
"(51, 50)",0.96
"(51, 51)",0.95
"(51, 52)",0.97
"(51, 53)",0.98
"(51, 54)",0.98
"(51, 55)",0.96
"(51, 56)",0.97
"(51, 57)",0.99
"(51, 58)",0.99
"(51, 59)",0.99
"(51, 60)",0.97
"(51, 61)",0.88
"(51, 62)",0.9
"(51, 63)",0.93
"(51, 64)",0.91
"(51, 65)",0.93
"(51, 66)",0.96
"(52, 0)",0.49
"(52, 1)",0.61
"(52, 2)",0.88
"(52, 3)",0.85
"(52, 4)",0.76
"(52, 5)",0.62
"(52, 6)",0.62
"(52, 7)",0.73
"(52, 8)",0.79
"(52, 9)",0.78
"(52, 10)",0.77
"(52, 11)",0.72
"(52, 12)",0.68
"(52, 13)",0.87
"(52, 14)",0.84
"(52, 15)",0.87
"(52, 16)",0.94
"(52, 17)",0.9
"(52, 18)",0.93
"(52, 19)",0.95
"(52, 20)",0.96
"(52, 21)",0.98
"(52, 22)",0.97
"(52, 23)",0.96
"(52, 24)",0.97
"(52, 25)",0.98
"(52, 26)",0.96
"(52, 27)",0.95
"(52, 28)",0.95
"(52, 29)",0.93
"(52, 30)",0.91
"(52, 31)",0.89
"(52, 32)",0.87
"(52, 33)",0.89
"(52, 34)",0.88
"(52, 35)",0.87
"(52, 36)",0.89
"(52, 37)",0.97
"(52, 38)",0.9
"(52, 39)",0.95
"(52, 40)",0.99
"(52, 41)",1.0
"(52, 42)",0.99
"(52, 43)",1.0
"(52, 44)",1.0
"(52, 45)",1.0
"(52, 46)",1.0
"(52, 47)",0.98
"(52, 48)",0.98
"(52, 49)",0.87
"(52, 50)",0.96
"(52, 51)",0.95
"(52, 52)",0.97
"(52, 53)",0.98
"(52, 54)",0.98
"(52, 55)",0.96
"(52, 56)",0.97
"(52, 57)",0.99
"(52, 58)",0.99
"(52, 59)",0.99
"(52, 60)",0.97
"(52, 61)",0.88
"(52, 62)",0.9
"(52, 63)",0.93
"(52, 64)",0.91
"(52, 65)",0.93
"(52, 66)",0.96
"(53, 0)",0.48
"(53, 1)",0.58
"(53, 2)",0.87
"(53, 3)",0.85
"(53, 4)",0.76
"(53, 5)",0.59
"(53, 6)",0.64
"(53, 7)",0.76
"(53, 8)",0.82
"(53, 9)",0.81
"(53, 10)",0.79
"(53, 11)",0.75
"(53, 12)",0.7
"(53, 13)",0.9
"(53, 14)",0.85
"(53, 15)",0.88
"(53, 16)",0.98
"(53, 17)",0.94
"(53, 18)",0.94
"(53, 19)",0.96
"(53, 20)",0.98
"(53, 21)",1.0
"(53, 22)",0.99
"(53, 23)",0.98
"(53, 24)",0.98
"(53, 25)",0.98
"(53, 26)",0.96
"(53, 27)",0.95
"(53, 28)",0.95
"(53, 29)",0.94
"(53, 30)",0.92
"(53, 31)",0.9
"(53, 32)",0.88
"(53, 33)",0.89
"(53, 34)",0.88
"(53, 35)",0.87
"(53, 36)",0.89
"(53, 37)",0.97
"(53, 38)",0.9
"(53, 39)",0.95
"(53, 40)",0.99
"(53, 41)",1.0
"(53, 42)",0.99
"(53, 43)",1.0
"(53, 44)",1.0
"(53, 45)",1.0
"(53, 46)",1.0
"(53, 47)",0.98
"(53, 48)",0.97
"(53, 49)",0.86
"(53, 50)",0.95
"(53, 51)",0.94
"(53, 52)",0.96
"(53, 53)",0.98
"(53, 54)",0.98
"(53, 55)",0.96
"(53, 56)",0.97
"(53, 57)",0.99
"(53, 58)",0.99
"(53, 59)",0.99
"(53, 60)",0.97
"(53, 61)",0.88
"(53, 62)",0.9
"(53, 63)",0.93
"(53, 64)",0.91
"(53, 65)",0.93
"(53, 66)",0.96
"(54, 0)",0.47
"(54, 1)",0.56
"(54, 2)",0.82
"(54, 3)",0.81
"(54, 4)",0.71
"(54, 5)",0.54
"(54, 6)",0.6
"(54, 7)",0.73
"(54, 8)",0.78
"(54, 9)",0.77
"(54, 10)",0.74
"(54, 11)",0.69
"(54, 12)",0.65
"(54, 13)",0.84
"(54, 14)",0.8
"(54, 15)",0.85
"(54, 16)",0.97
"(54, 17)",0.94
"(54, 18)",0.94
"(54, 19)",0.96
"(54, 20)",0.98
"(54, 21)",0.99
"(54, 22)",0.98
"(54, 23)",0.97
"(54, 24)",0.98
"(54, 25)",0.98
"(54, 26)",0.96
"(54, 27)",0.96
"(54, 28)",0.97
"(54, 29)",0.95
"(54, 30)",0.93
"(54, 31)",0.9
"(54, 32)",0.88
"(54, 33)",0.89
"(54, 34)",0.88
"(54, 35)",0.87
"(54, 36)",0.89
"(54, 37)",0.97
"(54, 38)",0.9
"(54, 39)",0.95
"(54, 40)",0.99
"(54, 41)",1.0
"(54, 42)",0.99
"(54, 43)",1.0
"(54, 44)",1.0
"(54, 45)",1.0
"(54, 46)",1.0
"(54, 47)",0.97
"(54, 48)",0.96
"(54, 49)",0.85
"(54, 50)",0.94
"(54, 51)",0.93
"(54, 52)",0.95
"(54, 53)",0.97
"(54, 54)",0.97
"(54, 55)",0.95
"(54, 56)",0.96
"(54, 57)",0.98
"(54, 58)",0.98
"(54, 59)",0.98
"(54, 60)",0.96
"(54, 61)",0.87
"(54, 62)",0.89
"(54, 63)",0.92
"(54, 64)",0.91
"(54, 65)",0.93
"(54, 66)",0.96
"(55, 0)",0.49
"(55, 1)",0.54
"(55, 2)",0.78
"(55, 3)",0.79
"(55, 4)",0.69
"(55, 5)",0.51
"(55, 6)",0.57
"(55, 7)",0.71
"(55, 8)",0.74
"(55, 9)",0.74
"(55, 10)",0.72
"(55, 11)",0.69
"(55, 12)",0.66
"(55, 13)",0.8
"(55, 14)",0.75
"(55, 15)",0.82
"(55, 16)",0.99
"(55, 17)",0.96
"(55, 18)",0.96
"(55, 19)",0.98
"(55, 20)",0.99
"(55, 21)",0.98
"(55, 22)",0.97
"(55, 23)",0.96
"(55, 24)",0.95
"(55, 25)",0.95
"(55, 26)",0.93
"(55, 27)",0.93
"(55, 28)",0.94
"(55, 29)",0.92
"(55, 30)",0.9
"(55, 31)",0.87
"(55, 32)",0.87
"(55, 33)",0.88
"(55, 34)",0.87
"(55, 35)",0.86
"(55, 36)",0.88
"(55, 37)",0.96
"(55, 38)",0.89
"(55, 39)",0.95
"(55, 40)",0.99
"(55, 41)",1.0
"(55, 42)",0.99
"(55, 43)",1.0
"(55, 44)",1.0
"(55, 45)",1.0
"(55, 46)",1.0
"(55, 47)",0.97
"(55, 48)",0.97
"(55, 49)",0.86
"(55, 50)",0.95
"(55, 51)",0.94
"(55, 52)",0.96
"(55, 53)",0.97
"(55, 54)",0.97
"(55, 55)",0.95
"(55, 56)",0.96
"(55, 57)",0.98
"(55, 58)",0.98
"(55, 59)",0.98
"(55, 60)",0.96
"(55, 61)",0.87
"(55, 62)",0.89
"(55, 63)",0.92
"(55, 64)",0.91
"(55, 65)",0.93
"(55, 66)",0.96
"(56, 0)",0.5
"(56, 1)",0.54
"(56, 2)",0.78
"(56, 3)",0.81
"(56, 4)",0.7
"(56, 5)",0.52
"(56, 6)",0.57
"(56, 7)",0.71
"(56, 8)",0.74
"(56, 9)",0.74
"(56, 10)",0.73
"(56, 11)",0.71
"(56, 12)",0.67
"(56, 13)",0.83
"(56, 14)",0.8
"(56, 15)",0.83
"(56, 16)",0.95
"(56, 17)",0.92
"(56, 18)",0.93
"(56, 19)",0.95
"(56, 20)",0.96
"(56, 21)",0.94
"(56, 22)",0.93
"(56, 23)",0.93
"(56, 24)",0.92
"(56, 25)",0.92
"(56, 26)",0.9
"(56, 27)",0.9
"(56, 28)",0.92
"(56, 29)",0.91
"(56, 30)",0.89
"(56, 31)",0.86
"(56, 32)",0.86
"(56, 33)",0.87
"(56, 34)",0.87
"(56, 35)",0.86
"(56, 36)",0.88
"(56, 37)",0.96
"(56, 38)",0.89
"(56, 39)",0.94
"(56, 40)",0.98
"(56, 41)",0.99
"(56, 42)",0.98
"(56, 43)",0.99
"(56, 44)",0.99
"(56, 45)",0.99
"(56, 46)",0.99
"(56, 47)",0.96
"(56, 48)",0.96
"(56, 49)",0.85
"(56, 50)",0.94
"(56, 51)",0.93
"(56, 52)",0.95
"(56, 53)",0.96
"(56, 54)",0.96
"(56, 55)",0.94
"(56, 56)",0.95
"(56, 57)",0.97
"(56, 58)",0.97
"(56, 59)",0.97
"(56, 60)",0.95
"(56, 61)",0.85
"(56, 62)",0.87
"(56, 63)",0.9
"(56, 64)",0.89
"(56, 65)",0.91
"(56, 66)",0.94
"(57, 0)",0.5
"(57, 1)",0.56
"(57, 2)",0.8
"(57, 3)",0.83
"(57, 4)",0.72
"(57, 5)",0.55
"(57, 6)",0.58
"(57, 7)",0.71
"(57, 8)",0.74
"(57, 9)",0.73
"(57, 10)",0.71
"(57, 11)",0.69
"(57, 12)",0.65
"(57, 13)",0.82
"(57, 14)",0.83
"(57, 15)",0.84
"(57, 16)",0.97
"(57, 17)",0.94
"(57, 18)",0.95
"(57, 19)",0.97
"(57, 20)",0.98
"(57, 21)",0.97
"(57, 22)",0.97
"(57, 23)",0.98
"(57, 24)",0.97
"(57, 25)",0.97
"(57, 26)",0.95
"(57, 27)",0.95
"(57, 28)",0.96
"(57, 29)",0.95
"(57, 30)",0.92
"(57, 31)",0.89
"(57, 32)",0.88
"(57, 33)",0.89
"(57, 34)",0.88
"(57, 35)",0.87
"(57, 36)",0.89
"(57, 37)",0.97
"(57, 38)",0.9
"(57, 39)",0.95
"(57, 40)",0.99
"(57, 41)",1.0
"(57, 42)",0.99
"(57, 43)",1.0
"(57, 44)",1.0
"(57, 45)",1.0
"(57, 46)",1.0
"(57, 47)",0.97
"(57, 48)",0.97
"(57, 49)",0.86
"(57, 50)",0.95
"(57, 51)",0.94
"(57, 52)",0.96
"(57, 53)",0.97
"(57, 54)",0.97
"(57, 55)",0.95
"(57, 56)",0.96
"(57, 57)",0.98
"(57, 58)",0.98
"(57, 59)",0.98
"(57, 60)",0.96
"(57, 61)",0.87
"(57, 62)",0.89
"(57, 63)",0.92
"(57, 64)",0.9
"(57, 65)",0.92
"(57, 66)",0.96
"(58, 0)",0.5
"(58, 1)",0.58
"(58, 2)",0.82
"(58, 3)",0.84
"(58, 4)",0.74
"(58, 5)",0.57
"(58, 6)",0.59
"(58, 7)",0.71
"(58, 8)",0.74
"(58, 9)",0.73
"(58, 10)",0.72
"(58, 11)",0.7
"(58, 12)",0.65
"(58, 13)",0.76
"(58, 14)",0.79
"(58, 15)",0.78
"(58, 16)",0.95
"(58, 17)",0.92
"(58, 18)",0.93
"(58, 19)",0.95
"(58, 20)",0.97
"(58, 21)",0.96
"(58, 22)",0.96
"(58, 23)",0.97
"(58, 24)",0.97
"(58, 25)",0.97
"(58, 26)",0.95
"(58, 27)",0.95
"(58, 28)",0.96
"(58, 29)",0.95
"(58, 30)",0.92
"(58, 31)",0.89
"(58, 32)",0.88
"(58, 33)",0.89
"(58, 34)",0.88
"(58, 35)",0.87
"(58, 36)",0.89
"(58, 37)",0.97
"(58, 38)",0.9
"(58, 39)",0.95
"(58, 40)",0.99
"(58, 41)",0.99
"(58, 42)",0.98
"(58, 43)",0.99
"(58, 44)",0.99
"(58, 45)",1.0
"(58, 46)",1.0
"(58, 47)",0.97
"(58, 48)",0.97
"(58, 49)",0.87
"(58, 50)",0.96
"(58, 51)",0.95
"(58, 52)",0.97
"(58, 53)",0.97
"(58, 54)",0.97
"(58, 55)",0.95
"(58, 56)",0.96
"(58, 57)",0.98
"(58, 58)",0.98
"(58, 59)",0.98
"(58, 60)",0.96
"(58, 61)",0.87
"(58, 62)",0.89
"(58, 63)",0.92
"(58, 64)",0.89
"(58, 65)",0.91
"(58, 66)",0.96
"(59, 0)",0.49
"(59, 1)",0.54
"(59, 2)",0.77
"(59, 3)",0.82
"(59, 4)",0.73
"(59, 5)",0.57
"(59, 6)",0.55
"(59, 7)",0.61
"(59, 8)",0.67
"(59, 9)",0.64
"(59, 10)",0.61
"(59, 11)",0.57
"(59, 12)",0.53
"(59, 13)",0.64
"(59, 14)",0.68
"(59, 15)",0.67
"(59, 16)",0.95
"(59, 17)",0.93
"(59, 18)",0.94
"(59, 19)",0.95
"(59, 20)",0.98
"(59, 21)",0.96
"(59, 22)",0.96
"(59, 23)",0.97
"(59, 24)",0.97
"(59, 25)",0.97
"(59, 26)",0.95
"(59, 27)",0.95
"(59, 28)",0.96
"(59, 29)",0.95
"(59, 30)",0.92
"(59, 31)",0.89
"(59, 32)",0.88
"(59, 33)",0.89
"(59, 34)",0.88
"(59, 35)",0.87
"(59, 36)",0.89
"(59, 37)",0.97
"(59, 38)",0.9
"(59, 39)",0.95
"(59, 40)",0.99
"(59, 41)",0.99
"(59, 42)",0.98
"(59, 43)",0.99
"(59, 44)",0.99
"(59, 45)",1.0
"(59, 46)",1.0
"(59, 47)",0.97
"(59, 48)",0.97
"(59, 49)",0.87
"(59, 50)",0.96
"(59, 51)",0.95
"(59, 52)",0.97
"(59, 53)",0.97
"(59, 54)",0.97
"(59, 55)",0.95
"(59, 56)",0.96
"(59, 57)",0.98
"(59, 58)",0.98
"(59, 59)",0.98
"(59, 60)",0.96
"(59, 61)",0.87
"(59, 62)",0.89
"(59, 63)",0.92
"(59, 64)",0.89
"(59, 65)",0.91
"(59, 66)",0.96
"(60, 0)",0.54
"(60, 1)",0.57
"(60, 2)",0.78
"(60, 3)",0.84
"(60, 4)",0.74
"(60, 5)",0.58
"(60, 6)",0.56
"(60, 7)",0.63
"(60, 8)",0.66
"(60, 9)",0.63
"(60, 10)",0.6
"(60, 11)",0.56
"(60, 12)",0.52
"(60, 13)",0.62
"(60, 14)",0.66
"(60, 15)",0.66
"(60, 16)",0.91
"(60, 17)",0.89
"(60, 18)",0.9
"(60, 19)",0.9
"(60, 20)",0.93
"(60, 21)",0.92
"(60, 22)",0.92
"(60, 23)",0.93
"(60, 24)",0.94
"(60, 25)",0.94
"(60, 26)",0.93
"(60, 27)",0.93
"(60, 28)",0.95
"(60, 29)",0.95
"(60, 30)",0.93
"(60, 31)",0.9
"(60, 32)",0.89
"(60, 33)",0.9
"(60, 34)",0.88
"(60, 35)",0.88
"(60, 36)",0.9
"(60, 37)",0.96
"(60, 38)",0.89
"(60, 39)",0.94
"(60, 40)",0.98
"(60, 41)",0.98
"(60, 42)",0.97
"(60, 43)",0.98
"(60, 44)",0.98
"(60, 45)",1.0
"(60, 46)",1.0
"(60, 47)",0.97
"(60, 48)",0.97
"(60, 49)",0.88
"(60, 50)",0.96
"(60, 51)",0.95
"(60, 52)",0.97
"(60, 53)",0.97
"(60, 54)",0.97
"(60, 55)",0.95
"(60, 56)",0.96
"(60, 57)",0.98
"(60, 58)",0.98
"(60, 59)",0.98
"(60, 60)",0.97
"(60, 61)",0.87
"(60, 62)",0.89
"(60, 63)",0.92
"(60, 64)",0.88
"(60, 65)",0.9
"(60, 66)",0.95
"(61, 0)",0.6
"(61, 1)",0.63
"(61, 2)",0.79
"(61, 3)",0.87
"(61, 4)",0.75
"(61, 5)",0.58
"(61, 6)",0.58
"(61, 7)",0.64
"(61, 8)",0.64
"(61, 9)",0.61
"(61, 10)",0.59
"(61, 11)",0.55
"(61, 12)",0.5
"(61, 13)",0.62
"(61, 14)",0.65
"(61, 15)",0.66
"(61, 16)",0.9
"(61, 17)",0.88
"(61, 18)",0.89
"(61, 19)",0.9
"(61, 20)",0.93
"(61, 21)",0.92
"(61, 22)",0.92
"(61, 23)",0.93
"(61, 24)",0.94
"(61, 25)",0.94
"(61, 26)",0.93
"(61, 27)",0.93
"(61, 28)",0.95
"(61, 29)",0.95
"(61, 30)",0.93
"(61, 31)",0.9
"(61, 32)",0.89
"(61, 33)",0.9
"(61, 34)",0.88
"(61, 35)",0.88
"(61, 36)",0.9
"(61, 37)",0.96
"(61, 38)",0.89
"(61, 39)",0.94
"(61, 40)",0.98
"(61, 41)",0.98
"(61, 42)",0.97
"(61, 43)",0.98
"(61, 44)",0.98
"(61, 45)",1.0
"(61, 46)",1.0
"(61, 47)",0.98
"(61, 48)",0.97
"(61, 49)",0.88
"(61, 50)",0.96
"(61, 51)",0.95
"(61, 52)",0.97
"(61, 53)",0.97
"(61, 54)",0.97
"(61, 55)",0.95
"(61, 56)",0.96
"(61, 57)",0.98
"(61, 58)",0.98
"(61, 59)",0.98
"(61, 60)",0.97
"(61, 61)",0.87
"(61, 62)",0.89
"(61, 63)",0.92
"(61, 64)",0.88
"(61, 65)",0.9
"(61, 66)",0.95
"(62, 0)",0.68
"(62, 1)",0.7
"(62, 2)",0.77
"(62, 3)",0.85
"(62, 4)",0.75
"(62, 5)",0.58
"(62, 6)",0.6
"(62, 7)",0.66
"(62, 8)",0.67
"(62, 9)",0.63
"(62, 10)",0.62
"(62, 11)",0.56
"(62, 12)",0.5
"(62, 13)",0.64
"(62, 14)",0.68
"(62, 15)",0.7
"(62, 16)",0.9
"(62, 17)",0.88
"(62, 18)",0.88
"(62, 19)",0.89
"(62, 20)",0.92
"(62, 21)",0.91
"(62, 22)",0.91
"(62, 23)",0.92
"(62, 24)",0.92
"(62, 25)",0.92
"(62, 26)",0.91
"(62, 27)",0.91
"(62, 28)",0.93
"(62, 29)",0.93
"(62, 30)",0.91
"(62, 31)",0.88
"(62, 32)",0.88
"(62, 33)",0.89
"(62, 34)",0.87
"(62, 35)",0.87
"(62, 36)",0.88
"(62, 37)",0.95
"(62, 38)",0.89
"(62, 39)",0.93
"(62, 40)",0.97
"(62, 41)",0.97
"(62, 42)",0.96
"(62, 43)",0.97
"(62, 44)",0.97
"(62, 45)",0.99
"(62, 46)",0.99
"(62, 47)",0.97
"(62, 48)",0.96
"(62, 49)",0.87
"(62, 50)",0.95
"(62, 51)",0.94
"(62, 52)",0.96
"(62, 53)",0.96
"(62, 54)",0.96
"(62, 55)",0.94
"(62, 56)",0.95
"(62, 57)",0.97
"(62, 58)",0.97
"(62, 59)",0.97
"(62, 60)",0.96
"(62, 61)",0.86
"(62, 62)",0.88
"(62, 63)",0.91
"(62, 64)",0.87
"(62, 65)",0.89
"(62, 66)",0.94
"(63, 0)",0.68
"(63, 1)",0.7
"(63, 2)",0.77
"(63, 3)",0.85
"(63, 4)",0.75
"(63, 5)",0.58
"(63, 6)",0.61
"(63, 7)",0.66
"(63, 8)",0.66
"(63, 9)",0.62
"(63, 10)",0.59
"(63, 11)",0.54
"(63, 12)",0.48
"(63, 13)",0.59
"(63, 14)",0.64
"(63, 15)",0.68
"(63, 16)",0.9
"(63, 17)",0.88
"(63, 18)",0.88
"(63, 19)",0.89
"(63, 20)",0.92
"(63, 21)",0.91
"(63, 22)",0.91
"(63, 23)",0.92
"(63, 24)",0.92
"(63, 25)",0.92
"(63, 26)",0.91
"(63, 27)",0.91
"(63, 28)",0.93
"(63, 29)",0.93
"(63, 30)",0.91
"(63, 31)",0.88
"(63, 32)",0.88
"(63, 33)",0.89
"(63, 34)",0.87
"(63, 35)",0.87
"(63, 36)",0.88
"(63, 37)",0.95
"(63, 38)",0.9
"(63, 39)",0.94
"(63, 40)",0.98
"(63, 41)",0.98
"(63, 42)",0.97
"(63, 43)",0.98
"(63, 44)",0.98
"(63, 45)",1.0
"(63, 46)",1.0
"(63, 47)",0.98
"(63, 48)",0.97
"(63, 49)",0.88
"(63, 50)",0.96
"(63, 51)",0.95
"(63, 52)",0.97
"(63, 53)",0.97
"(63, 54)",0.97
"(63, 55)",0.95
"(63, 56)",0.96
"(63, 57)",0.98
"(63, 58)",0.98
"(63, 59)",0.98
"(63, 60)",0.97
"(63, 61)",0.87
"(63, 62)",0.89
"(63, 63)",0.92
"(63, 64)",0.88
"(63, 65)",0.9
"(63, 66)",0.95
"(64, 0)",0.67
"(64, 1)",0.69
"(64, 2)",0.75
"(64, 3)",0.83
"(64, 4)",0.73
"(64, 5)",0.56
"(64, 6)",0.58
"(64, 7)",0.64
"(64, 8)",0.63
"(64, 9)",0.59
"(64, 10)",0.56
"(64, 11)",0.52
"(64, 12)",0.45
"(64, 13)",0.56
"(64, 14)",0.61
"(64, 15)",0.66
"(64, 16)",0.9
"(64, 17)",0.88
"(64, 18)",0.88
"(64, 19)",0.89
"(64, 20)",0.92
"(64, 21)",0.91
"(64, 22)",0.91
"(64, 23)",0.92
"(64, 24)",0.92
"(64, 25)",0.92
"(64, 26)",0.91
"(64, 27)",0.91
"(64, 28)",0.93
"(64, 29)",0.93
"(64, 30)",0.91
"(64, 31)",0.88
"(64, 32)",0.88
"(64, 33)",0.89
"(64, 34)",0.87
"(64, 35)",0.87
"(64, 36)",0.88
"(64, 37)",0.94
"(64, 38)",0.89
"(64, 39)",0.93
"(64, 40)",0.97
"(64, 41)",0.98
"(64, 42)",0.97
"(64, 43)",0.98
"(64, 44)",0.98
"(64, 45)",1.0
"(64, 46)",1.0
"(64, 47)",0.98
"(64, 48)",0.97
"(64, 49)",0.88
"(64, 50)",0.96
"(64, 51)",0.95
"(64, 52)",0.97
"(64, 53)",0.97
"(64, 54)",0.97
"(64, 55)",0.95
"(64, 56)",0.96
"(64, 57)",0.98
"(64, 58)",0.98
"(64, 59)",0.98
"(64, 60)",0.97
"(64, 61)",0.87
"(64, 62)",0.89
"(64, 63)",0.92
"(64, 64)",0.88
"(64, 65)",0.9
"(64, 66)",0.95
"(65, 0)",0.65
"(65, 1)",0.67
"(65, 2)",0.7
"(65, 3)",0.77
"(65, 4)",0.68
"(65, 5)",0.55
"(65, 6)",0.54
"(65, 7)",0.58
"(65, 8)",0.56
"(65, 9)",0.52
"(65, 10)",0.52
"(65, 11)",0.49
"(65, 12)",0.43
"(65, 13)",0.54
"(65, 14)",0.6
"(65, 15)",0.65
"(65, 16)",0.89
"(65, 17)",0.87
"(65, 18)",0.87
"(65, 19)",0.88
"(65, 20)",0.91
"(65, 21)",0.9
"(65, 22)",0.9
"(65, 23)",0.91
"(65, 24)",0.91
"(65, 25)",0.91
"(65, 26)",0.9
"(65, 27)",0.9
"(65, 28)",0.92
"(65, 29)",0.92
"(65, 30)",0.9
"(65, 31)",0.87
"(65, 32)",0.87
"(65, 33)",0.88
"(65, 34)",0.86
"(65, 35)",0.86
"(65, 36)",0.87
"(65, 37)",0.94
"(65, 38)",0.89
"(65, 39)",0.93
"(65, 40)",0.97
"(65, 41)",0.98
"(65, 42)",0.97
"(65, 43)",0.98
"(65, 44)",0.98
"(65, 45)",1.0
"(65, 46)",1.0
"(65, 47)",0.98
"(65, 48)",0.97
"(65, 49)",0.88
"(65, 50)",0.96
"(65, 51)",0.95
"(65, 52)",0.97
"(65, 53)",0.97
"(65, 54)",0.97
"(65, 55)",0.95
"(65, 56)",0.95
"(65, 57)",0.97
"(65, 58)",0.97
"(65, 59)",0.97
"(65, 60)",0.96
"(65, 61)",0.87
"(65, 62)",0.89
"(65, 63)",0.92
"(65, 64)",0.88
"(65, 65)",0.9
"(65, 66)",0.95
"(66, 0)",0.61
"(66, 1)",0.62
"(66, 2)",0.65
"(66, 3)",0.71
"(66, 4)",0.63
"(66, 5)",0.5
"(66, 6)",0.46
"(66, 7)",0.5
"(66, 8)",0.48
"(66, 9)",0.45
"(66, 10)",0.44
"(66, 11)",0.43
"(66, 12)",0.38
"(66, 13)",0.48
"(66, 14)",0.52
"(66, 15)",0.57
"(66, 16)",0.88
"(66, 17)",0.86
"(66, 18)",0.86
"(66, 19)",0.87
"(66, 20)",0.89
"(66, 21)",0.88
"(66, 22)",0.88
"(66, 23)",0.89
"(66, 24)",0.89
"(66, 25)",0.89
"(66, 26)",0.88
"(66, 27)",0.88
"(66, 28)",0.9
"(66, 29)",0.9
"(66, 30)",0.88
"(66, 31)",0.85
"(66, 32)",0.85
"(66, 33)",0.86
"(66, 34)",0.84
"(66, 35)",0.84
"(66, 36)",0.85
"(66, 37)",0.92
"(66, 38)",0.87
"(66, 39)",0.91
"(66, 40)",0.95
"(66, 41)",0.96
"(66, 42)",0.95
"(66, 43)",0.96
"(66, 44)",0.96
"(66, 45)",0.98
"(66, 46)",0.98
"(66, 47)",0.96
"(66, 48)",0.94
"(66, 49)",0.85
"(66, 50)",0.93
"(66, 51)",0.92
"(66, 52)",0.94
"(66, 53)",0.94
"(66, 54)",0.94
"(66, 55)",0.92
"(66, 56)",0.92
"(66, 57)",0.94
"(66, 58)",0.94
"(66, 59)",0.94
"(66, 60)",0.93
"(66, 61)",0.84
"(66, 62)",0.86
"(66, 63)",0.89
"(66, 64)",0.86
"(66, 65)",0.88
"(66, 66)",0.93
